[{"model": "blog.blogpagetag", "pk": 4, "fields": {"tag": 2, "content_object": 5}}, {"model": "blog.blogpagetag", "pk": 5, "fields": {"tag": 1, "content_object": 11}}, {"model": "blog.blogpagetag", "pk": 6, "fields": {"tag": 2, "content_object": 11}}, {"model": "blog.blogpagetag", "pk": 7, "fields": {"tag": 4, "content_object": 11}}, {"model": "wagtailimages.rendition", "pk": 1, "fields": {"filter_spec": "max-800x600", "file": "images/python-installation-options.max-800x600.png", "width": 650, "height": 408, "focal_point_key": "", "image": 1}}, {"model": "wagtailimages.rendition", "pk": 2, "fields": {"filter_spec": "width-800", "file": "images/python-installation-options.width-800.png", "width": 650, "height": 408, "focal_point_key": "", "image": 1}}, {"model": "wagtailimages.rendition", "pk": 3, "fields": {"filter_spec": "max-165x165", "file": "images/python-installation-options.max-165x165.png", "width": 165, "height": 103, "focal_point_key": "", "image": 1}}, {"model": "wagtailimages.rendition", "pk": 4, "fields": {"filter_spec": "max-800x600", "file": "images/add_python_to_windows_path.max-800x600.png", "width": 617, "height": 450, "focal_point_key": "", "image": 2}}, {"model": "wagtailimages.rendition", "pk": 5, "fields": {"filter_spec": "width-800", "file": "images/add_python_to_windows_path.width-800.png", "width": 617, "height": 450, "focal_point_key": "", "image": 2}}, {"model": "wagtailimages.rendition", "pk": 6, "fields": {"filter_spec": "original", "file": "images/python-installation-options.original.png", "width": 650, "height": 408, "focal_point_key": "", "image": 1}}, {"model": "wagtailcore.site", "pk": 2, "fields": {"hostname": "localhost", "port": 80, "site_name": null, "root_page": 3, "is_default_site": true}}, {"model": "wagtailcore.collection", "pk": 1, "fields": {"path": "0001", "depth": 1, "numchild": 0, "name": "Root"}}, {"model": "taggit.tag", "pk": 1, "fields": {"name": "tutorial", "slug": "tutorial"}}, {"model": "taggit.tag", "pk": 2, "fields": {"name": "python", "slug": "python"}}, {"model": "taggit.tag", "pk": 3, "fields": {"name": "flask", "slug": "flask"}}, {"model": "taggit.tag", "pk": 4, "fields": {"name": "django", "slug": "django"}}, {"model": "contenttypes.contenttype", "pk": 1, "fields": {"app_label": "wagtailcore", "model": "page"}}, {"model": "contenttypes.contenttype", "pk": 2, "fields": {"app_label": "wagtailimages", "model": "image"}}, {"model": "contenttypes.contenttype", "pk": 3, "fields": {"app_label": "home", "model": "homepage"}}, {"model": "contenttypes.contenttype", "pk": 4, "fields": {"app_label": "wagtailadmin", "model": "admin"}}, {"model": "contenttypes.contenttype", "pk": 5, "fields": {"app_label": "wagtaildocs", "model": "document"}}, {"model": "contenttypes.contenttype", "pk": 6, "fields": {"app_label": "home", "model": "defaultpage"}}, {"model": "contenttypes.contenttype", "pk": 7, "fields": {"app_label": "blog", "model": "blogindexpage"}}, {"model": "contenttypes.contenttype", "pk": 8, "fields": {"app_label": "blog", "model": "blogpage"}}, {"model": "contenttypes.contenttype", "pk": 9, "fields": {"app_label": "blog", "model": "blogpagegalleryimage"}}, {"model": "contenttypes.contenttype", "pk": 10, "fields": {"app_label": "blog", "model": "blogpagetag"}}, {"model": "contenttypes.contenttype", "pk": 11, "fields": {"app_label": "blog", "model": "blogtagindexpage"}}, {"model": "contenttypes.contenttype", "pk": 12, "fields": {"app_label": "wagtailforms", "model": "formsubmission"}}, {"model": "contenttypes.contenttype", "pk": 13, "fields": {"app_label": "wagtailredirects", "model": "redirect"}}, {"model": "contenttypes.contenttype", "pk": 14, "fields": {"app_label": "wagtailembeds", "model": "embed"}}, {"model": "contenttypes.contenttype", "pk": 15, "fields": {"app_label": "wagtailusers", "model": "userprofile"}}, {"model": "contenttypes.contenttype", "pk": 16, "fields": {"app_label": "wagtailimages", "model": "rendition"}}, {"model": "contenttypes.contenttype", "pk": 17, "fields": {"app_label": "wagtailsearch", "model": "query"}}, {"model": "contenttypes.contenttype", "pk": 18, "fields": {"app_label": "wagtailsearch", "model": "querydailyhits"}}, {"model": "contenttypes.contenttype", "pk": 19, "fields": {"app_label": "wagtailcore", "model": "grouppagepermission"}}, {"model": "contenttypes.contenttype", "pk": 20, "fields": {"app_label": "wagtailcore", "model": "pagerevision"}}, {"model": "contenttypes.contenttype", "pk": 21, "fields": {"app_label": "wagtailcore", "model": "pageviewrestriction"}}, {"model": "contenttypes.contenttype", "pk": 22, "fields": {"app_label": "wagtailcore", "model": "site"}}, {"model": "contenttypes.contenttype", "pk": 23, "fields": {"app_label": "wagtailcore", "model": "collection"}}, {"model": "contenttypes.contenttype", "pk": 24, "fields": {"app_label": "wagtailcore", "model": "groupcollectionpermission"}}, {"model": "contenttypes.contenttype", "pk": 25, "fields": {"app_label": "wagtailcore", "model": "collectionviewrestriction"}}, {"model": "contenttypes.contenttype", "pk": 26, "fields": {"app_label": "taggit", "model": "tag"}}, {"model": "contenttypes.contenttype", "pk": 27, "fields": {"app_label": "taggit", "model": "taggeditem"}}, {"model": "contenttypes.contenttype", "pk": 28, "fields": {"app_label": "admin", "model": "logentry"}}, {"model": "contenttypes.contenttype", "pk": 29, "fields": {"app_label": "auth", "model": "permission"}}, {"model": "contenttypes.contenttype", "pk": 30, "fields": {"app_label": "auth", "model": "group"}}, {"model": "contenttypes.contenttype", "pk": 31, "fields": {"app_label": "auth", "model": "user"}}, {"model": "contenttypes.contenttype", "pk": 32, "fields": {"app_label": "contenttypes", "model": "contenttype"}}, {"model": "contenttypes.contenttype", "pk": 33, "fields": {"app_label": "sessions", "model": "session"}}, {"model": "sessions.session", "pk": "z6g6lkeo7jeciditcs6yvjqd3e7tf6x0", "fields": {"session_data": "NmUwZjczN2RlZDRhM2JkYWExOTk0NTE0MWQ3ZDhhMjhkOGU0MWUzNDp7Il9hdXRoX3VzZXJfaWQiOiIxIiwiX2F1dGhfdXNlcl9iYWNrZW5kIjoiZGphbmdvLmNvbnRyaWIuYXV0aC5iYWNrZW5kcy5Nb2RlbEJhY2tlbmQiLCJfYXV0aF91c2VyX2hhc2giOiI4NTBmN2JmYzdmZjBkNjRlZjIyM2I0YzBkOWNkZDI3NDI3YmE2Yjc0Iiwid2FndGFpbC1wcmV2aWV3LWJsb2csYmxvZ3BhZ2UsOCI6WyJjc3JmbWlkZGxld2FyZXRva2VuPXVrRWljMzd4Nll3U2RFWnlrQ3FtRk5TdWN4SnZTbGJMZzNwNXlqdlBDa0wybzhkOVc1Z3dBVnJBZEVUbjdWSmQmbmV4dD0mdGl0bGU9SW5zdGFsYXIrUHl0aG9uK2VuK1dpbmRvd3MmZGF0ZT0yMDE5LTA5LTIzJnRhZ3M9JmV4Y2VycHQ9JmJvZHktY291bnQ9MSZib2R5LTAtZGVsZXRlZD0mYm9keS0wLW9yZGVyPTAmYm9keS0wLXR5cGU9cGFyYWdyYXBoJmJvZHktMC1pZD0mYm9keS0wLXZhbHVlPSU3QiUyMmJsb2NrcyUyMiUzQSU1QiU3QiUyMmtleSUyMiUzQSUyMmhib2J4JTIyJTJDJTIydGV4dCUyMiUzQSUyMislMjIlMkMlMjJ0eXBlJTIyJTNBJTIydW5zdHlsZWQlMjIlMkMlMjJkZXB0aCUyMiUzQTAlMkMlMjJpbmxpbmVTdHlsZVJhbmdlcyUyMiUzQSU1QiU1RCUyQyUyMmVudGl0eVJhbmdlcyUyMiUzQSU1QiU1RCUyQyUyMmRhdGElMjIlM0ElN0IlN0QlN0QlMkMlN0IlMjJrZXklMjIlM0ElMjIyaDk3cCUyMiUyQyUyMnRleHQlMjIlM0ElMjJQcmltZXJvK2NvbXBydWViYStzaSt0dStvcmRlbmFkb3IrZWplY3V0YStsYSt2ZXJzaSVDMyVCM24rMzIrYml0cytkZSsrV2luZG93cytvK2xhK2RlKzY0JTJDK2VuKyU1QyUyMlRpcG8rZGUrc2lzdGVtYSU1QyUyMitlbitsYStwJUMzJUExZ2luYStkZSslNUMlMjJBY2VyY2ErZGUlNUMlMjIuKytQYXJhK2xsZWdhcithK2VzdGErcCVDMyVBMWdpbmElMkMraW50ZW50YSt1bm8rZGUrZXN0b3MrbSVDMyVBOXRvZG9zJTNBJTIyJTJDJTIydHlwZSUyMiUzQSUyMnVuc3R5bGVkJTIyJTJDJTIyZGVwdGglMjIlM0EwJTJDJTIyaW5saW5lU3R5bGVSYW5nZXMlMjIlM0ElNUIlNUQlMkMlMjJlbnRpdHlSYW5nZXMlMjIlM0ElNUIlNUQlMkMlMjJkYXRhJTIyJTNBJTdCJTdEJTdEJTJDJTdCJTIya2V5JTIyJTNBJTIyZTg3bTQlMjIlMkMlMjJ0ZXh0JTIyJTNBJTIyUHJlc2lvbmErbGErdGVjbGErZGUrV2luZG93cyt5K2xhK3RlY2xhK1BhdXNlJTJGQnJlYWsrYWwrbWlzbW8rdGllbXBvJTIyJTJDJTIydHlwZSUyMiUzQSUyMnVub3JkZXJlZC1saXN0LWl0ZW0lMjIlMkMlMjJkZXB0aCUyMiUzQTAlMkMlMjJpbmxpbmVTdHlsZVJhbmdlcyUyMiUzQSU1QiU1RCUyQyUyMmVudGl0eVJhbmdlcyUyMiUzQSU1QiU1RCUyQyUyMmRhdGElMjIlM0ElN0IlN0QlN0QlMkMlN0IlMjJrZXklMjIlM0ElMjJhczZpaiUyMiUyQyUyMnRleHQlMjIlM0ElMjJBYnJlK2VsK1BhbmVsK2RlK0NvbnRyb2wrZGVzZGUrZWwrbWVuJUMzJUJBK2RlK1dpbmRvd3MlMkMrZGVzcHUlQzMlQTlzK2FjY2VkZSthK1Npc3RlbWErJTI2K3krU2VndXJpZGFkJTJDK2x1ZWdvK2ErU2lzdGVtYSUyMiUyQyUyMnR5cGUlMjIlM0ElMjJ1bm9yZGVyZWQtbGlzdC1pdGVtJTIyJTJDJTIyZGVwdGglMjIlM0EwJTJDJTIyaW5saW5lU3R5bGVSYW5nZXMlMjIlM0ElNUIlNUQlMkMlMjJlbnRpdHlSYW5nZXMlMjIlM0ElNUIlNUQlMkMlMjJkYXRhJTIyJTNBJTdCJTdEJTdEJTJDJTdCJTIya2V5JTIyJTNBJTIyY3AzZXQlMjIlMkMlMjJ0ZXh0JTIyJTNBJTIyUHJlc2lvbmErZWwrYm90JUMzJUIzbitkZStXaW5kb3dzJTJDK2x1ZWdvK2FjY2VkZSthK0NvbmZpZ3VyYWNpJUMzJUIzbislM0UrU2lzdGVtYSslM0UrQWNlcmNhK2RlJTIyJTJDJTIydHlwZSUyMiUzQSUyMnVub3JkZXJlZC1saXN0LWl0ZW0lMjIlMkMlMjJkZXB0aCUyMiUzQTAlMkMlMjJpbmxpbmVTdHlsZVJhbmdlcyUyMiUzQSU1QiU1RCUyQyUyMmVudGl0eVJhbmdlcyUyMiUzQSU1QiU1RCUyQyUyMmRhdGElMjIlM0ElN0IlN0QlN0QlMkMlN0IlMjJrZXklMjIlM0ElMjJmNmsxMyUyMiUyQyUyMnRleHQlMjIlM0ElMjJQdWVkZXMrZGVzY2FyZ2FyK1B5dGhvbitwYXJhK1dpbmRvd3MrZGVzZGUrbGErc2lndWllbnRlK3dlYitodHRwcyUzQSUyRiUyRnd3dy5weXRob24ub3JnJTJGZG93bmxvYWRzJTJGd2luZG93cyUyRi4rQ2xpY2ErZW4rZWwrZW5sYWNlKyU1QyUyMkxhdGVzdCtQeXRob24rMytSZWxlYXNlKy1QeXRob24reC54LnglNUMlMjIuK1NpK3R1K29yZGVuYWRvcitlamVjdXRhK2xhK3ZlcnNpJUMzJUIzbitkZSs2NCtiaXRzK2RlK1dpbmRvd3MlMkMrZGVzY2FyZ2ErV2luZG93cyt4ODYtNjQrZXhlY3V0YWJsZStpbnN0YWxsZXIuK0RlK2xvK2NvbnRyYXJpbyUyQytkZXNjYXJnYStXaW5kb3dzK3g4NitleGVjdXRhYmxlK2luc3RhbGxlci4rRGVzcHUlQzMlQTlzK2RlK2Rlc2NhcmdhcitlbCtpbnN0YWxhZG9yJTJDK2RlYmVyJUMzJUFEYXMrZWplY3V0YXJsbyslMjhkJUMzJUExbmRvbGUrZG9ibGUrY2xpY2slMjkreStzZWd1aXIrbGFzK2luc3RydWNjaW9uZXMuJTIyJTJDJTIydHlwZSUyMiUzQSUyMnVuc3R5bGVkJTIyJTJDJTIyZGVwdGglMjIlM0EwJTJDJTIyaW5saW5lU3R5bGVSYW5nZXMlMjIlM0ElNUIlN0IlMjJvZmZzZXQlMjIlM0EyMDElMkMlMjJsZW5ndGglMjIlM0E3JTJDJTIyc3R5bGUlMjIlM0ElMjJCT0xEJTIyJTdEJTJDJTdCJTIyb2Zmc2V0JTIyJTNBMjMwJTJDJTIybGVuZ3RoJTIyJTNBMzUlMkMlMjJzdHlsZSUyMiUzQSUyMkJPTEQlMjIlN0QlMkMlN0IlMjJvZmZzZXQlMjIlM0EyOTMlMkMlMjJsZW5ndGglMjIlM0EzMiUyQyUyMnN0eWxlJTIyJTNBJTIyQk9MRCUyMiU3RCU1RCUyQyUyMmVudGl0eVJhbmdlcyUyMiUzQSU1QiU3QiUyMm9mZnNldCUyMiUzQTYwJTJDJTIybGVuZ3RoJTIyJTNBNDElMkMlMjJrZXklMjIlM0EwJTdEJTVEJTJDJTIyZGF0YSUyMiUzQSU3QiU3RCU3RCUyQyU3QiUyMmtleSUyMiUzQSUyMmI3OWY5JTIyJTJDJTIydGV4dCUyMiUzQSUyMlVuYStjb3NhK3BhcmErdGVuZXIrZW4rY3VlbnRhJTNBK0R1cmFudGUrbGEraW5zdGFsYWNpJUMzJUIzbiUyQyt2ZXIlQzMlQTFzK3VuYSsrdmVudGFuYStkZSslNUMlMjJTZXR1cCU1QyUyMi4rQXNlZyVDMyVCQXJhdGUrZGUrbWFyY2FyK2xhcytjYXNpbGxhcyslNUMlMjJBZGQrUHl0aG9uKzMuNit0bysrUEFUSCU1QyUyMitvKyU1QyUyMkFkZCtQeXRob24rdG8reW91citlbnZpcm9ubWVudCt2YXJpYWJsZXMlNUMlMjIreStoYWNlcitjbGljaytlbisrJTVDJTIySW5zdGFsbCtOb3clNUMlMjIlMkMrY29tbytzZSttdWVzdHJhK2FxdSVDMyVBRCslMjhwdWVkZStxdWUrc2UrdmVhK3VuK3BvY28rZGlmZXJlbnRlKytzaStlc3QlQzMlQTFzK2luc3RhbGFuZG8rdW5hK3ZlcnNpJUMzJUIzbitkaWZlcmVudGUlMjklM0ElMjIlMkMlMjJ0eXBlJTIyJTNBJTIydW5zdHlsZWQlMjIlMkMlMjJkZXB0aCUyMiUzQTAlMkMlMjJpbmxpbmVTdHlsZVJhbmdlcyUyMiUzQSU1QiU1RCUyQyUyMmVudGl0eVJhbmdlcyUyMiUzQSU1QiU1RCUyQyUyMmRhdGElMjIlM0ElN0IlN0QlN0QlMkMlN0IlMjJrZXklMjIlM0ElMjI3bDgydSUyMiUyQyUyMnRleHQlMjIlM0ElMjIlMjIlMkMlMjJ0eXBlJTIyJTNBJTIydW5zdHlsZWQlMjIlMkMlMjJkZXB0aCUyMiUzQTAlMkMlMjJpbmxpbmVTdHlsZVJhbmdlcyUyMiUzQSU1QiU1RCUyQyUyMmVudGl0eVJhbmdlcyUyMiUzQSU1QiU1RCUyQyUyMmRhdGElMjIlM0ElN0IlN0QlN0QlMkMlN0IlMjJrZXklMjIlM0ElMjJkYXU3ZiUyMiUyQyUyMnRleHQlMjIlM0ElMjIrJTIyJTJDJTIydHlwZSUyMiUzQSUyMmF0b21pYyUyMiUyQyUyMmRlcHRoJTIyJTNBMCUyQyUyMmlubGluZVN0eWxlUmFuZ2VzJTIyJTNBJTVCJTVEJTJDJTIyZW50aXR5UmFuZ2VzJTIyJTNBJTVCJTdCJTIyb2Zmc2V0JTIyJTNBMCUyQyUyMmxlbmd0aCUyMiUzQTElMkMlMjJrZXklMjIlM0ExJTdEJTVEJTJDJTIyZGF0YSUyMiUzQSU3QiU3RCU3RCUyQyU3QiUyMmtleSUyMiUzQSUyMmZmdWt0JTIyJTJDJTIydGV4dCUyMiUzQSUyMiUyMiUyQyUyMnR5cGUlMjIlM0ElMjJ1bnN0eWxlZCUyMiUyQyUyMmRlcHRoJTIyJTNBMCUyQyUyMmlubGluZVN0eWxlUmFuZ2VzJTIyJTNBJTVCJTVEJTJDJTIyZW50aXR5UmFuZ2VzJTIyJTNBJTVCJTVEJTJDJTIyZGF0YSUyMiUzQSU3QiU3RCU3RCUyQyU3QiUyMmtleSUyMiUzQSUyMjY5aGI4JTIyJTJDJTIydGV4dCUyMiUzQSUyMkN1YW5kbytsYStpbnN0YWxhY2klQzMlQjNuK2RlK2NvbXBsZXRlJTJDK3ZlciVDMyVBMXMrdW4rY3VhZHJvK2RlK2RpJUMzJUExbG9nbytjb24rdW4rK2VubGFjZStxdWUrcHVlZGVzK3NlZ3VpcitwYXJhK3NhYmVyK20lQzMlQTFzK3NvYnJlK1B5dGhvbitvK3NvYnJlK2xhK3ZlcnNpJUMzJUIzbisrcXVlK2hhcytpbnN0YWxhZG8uK0NpZXJyYStvK2NhbmNlbGErZXNlK2RpYWxvZ28rLS0rJUMyJUExQXByZW5kZXIlQzMlQTFzK20lQzMlQTFzK2VuKytlc2UrdHV0b3JpYWwlMjElMjIlMkMlMjJ0eXBlJTIyJTNBJTIydW5zdHlsZWQlMjIlMkMlMjJkZXB0aCUyMiUzQTAlMkMlMjJpbmxpbmVTdHlsZVJhbmdlcyUyMiUzQSU1QiU1RCUyQyUyMmVudGl0eVJhbmdlcyUyMiUzQSU1QiU1RCUyQyUyMmRhdGElMjIlM0ElN0IlN0QlN0QlMkMlN0IlMjJrZXklMjIlM0ElMjJiMHFvMSUyMiUyQyUyMnRleHQlMjIlM0ElMjJOb3RhJTNBK3NpK2VzdCVDMyVBMXMrdXNhbmRvK3VuYSt2ZXJzaSVDMyVCM24rYW50ZXJpb3IrZGUrV2luZG93cyslMjg3JTJDK1Zpc3RhK28rK2N1YWxxdWllcit2ZXJzaSVDMyVCM24rYW50ZXJpb3IlMjkreStlbCtpbnN0YWxhZG9yK2RlK2xhK3ZlcnNpJUMzJUIzbiszLjYueCtkZSsrUHl0aG9uK2ZhbGxhK2Nvbit1bitlcnJvciUyQytpbnRlbnRhK3RhbWJpJUMzJUE5biUzQSUyMiUyQyUyMnR5cGUlMjIlM0ElMjJ1bnN0eWxlZCUyMiUyQyUyMmRlcHRoJTIyJTNBMCUyQyUyMmlubGluZVN0eWxlUmFuZ2VzJTIyJTNBJTVCJTVEJTJDJTIyZW50aXR5UmFuZ2VzJTIyJTNBJTVCJTVEJTJDJTIyZGF0YSUyMiUzQSU3QiU3RCU3RCUyQyU3QiUyMmtleSUyMiUzQSUyMmZyN21iJTIyJTJDJTIydGV4dCUyMiUzQSUyMmluc3RhbGFyK3RvZGFzK2xhcythY3R1YWxpemFjaW9uZXMrZGUrV2luZG93cytlK2ludGVudGEraW5zdGFsYXIrUHl0aG9uK2RlK251ZXZvJTNCK28lMjIlMkMlMjJ0eXBlJTIyJTNBJTIyb3JkZXJlZC1saXN0LWl0ZW0lMjIlMkMlMjJkZXB0aCUyMiUzQTAlMkMlMjJpbmxpbmVTdHlsZVJhbmdlcyUyMiUzQSU1QiU1RCUyQyUyMmVudGl0eVJhbmdlcyUyMiUzQSU1QiU1RCUyQyUyMmRhdGElMjIlM0ElN0IlN0QlN0QlMkMlN0IlMjJrZXklMjIlM0ElMjI3MmhmbiUyMiUyQyUyMnRleHQlMjIlM0ElMjJpbnN0YWxhcit1bmErdmVyc2klQzMlQjNuK2RlK1B5dGhvbithbnRlcmlvciUyQytwb3IrZWplbXBsbyUyQyszLjQuNi4lMjIlMkMlMjJ0eXBlJTIyJTNBJTIyb3JkZXJlZC1saXN0LWl0ZW0lMjIlMkMlMjJkZXB0aCUyMiUzQTAlMkMlMjJpbmxpbmVTdHlsZVJhbmdlcyUyMiUzQSU1QiU1RCUyQyUyMmVudGl0eVJhbmdlcyUyMiUzQSU1QiU3QiUyMm9mZnNldCUyMiUzQTEzJTJDJTIybGVuZ3RoJTIyJTNBMjYlMkMlMjJrZXklMjIlM0EyJTdEJTJDJTdCJTIyb2Zmc2V0JTIyJTNBNTQlMkMlMjJsZW5ndGglMjIlM0E1JTJDJTIya2V5JTIyJTNBMyU3RCU1RCUyQyUyMmRhdGElMjIlM0ElN0IlN0QlN0QlMkMlN0IlMjJrZXklMjIlM0ElMjJmcW04biUyMiUyQyUyMnRleHQlMjIlM0ElMjJTaStpbnN0YWxhcyt1bmErdmVyc2klQzMlQjNuK2FudGVyaW9yK2RlK1B5dGhvbiUyQytsYStwYW50YWxsYStkZSsraW5zdGFsYWNpJUMzJUIzbitwdWVkZStzZXIrdW4rcG9jbytkaWZlcmVudGUrYStsYSttb3N0cmFkYSthcnJpYmEuK0FzZWclQzMlQkFyYXRlKytkZStkZXNwbGF6YXJ0ZStoYWNpYSthYmFqbytwYXJhK3ZlcislNUMlMjJBZGQrcHl0aG9uLmV4ZSt0bytQYXRoJTVDJTIyJTJDK2Rlc3B1JUMzJUE5cysraGF6K2NsaWNrK2VuK2VsK2JvdCVDMyVCM24rZGUrbGEraXpxdWllcmRhK3krc2VsZWNjaW9uYSslNUMlMjJXaWxsK2JlK2luc3RhbGxlZCtvbisrbG9jYWwraGFyZCtkcml2ZSU1QyUyMiUzQSUyMiUyQyUyMnR5cGUlMjIlM0ElMjJ1bnN0eWxlZCUyMiUyQyUyMmRlcHRoJTIyJTNBMCUyQyUyMmlubGluZVN0eWxlUmFuZ2VzJTIyJTNBJTVCJTVEJTJDJTIyZW50aXR5UmFuZ2VzJTIyJTNBJTVCJTVEJTJDJTIyZGF0YSUyMiUzQSU3QiU3RCU3RCU1RCUyQyUyMmVudGl0eU1hcCUyMiUzQSU3QiUyMjAlMjIlM0ElN0IlMjJ0eXBlJTIyJTNBJTIyTElOSyUyMiUyQyUyMm11dGFiaWxpdHklMjIlM0ElMjJNVVRBQkxFJTIyJTJDJTIyZGF0YSUyMiUzQSU3QiUyMnVybCUyMiUzQSUyMmh0dHBzJTNBJTJGJTJGd3d3LnB5dGhvbi5vcmclMkZkb3dubG9hZHMlMkZ3aW5kb3dzJTJGJTIyJTdEJTdEJTJDJTIyMSUyMiUzQSU3QiUyMnR5cGUlMjIlM0ElMjJJTUFHRSUyMiUyQyUyMm11dGFiaWxpdHklMjIlM0ElMjJJTU1VVEFCTEUlMjIlMkMlMjJkYXRhJTIyJTNBJTdCJTIyaWQlMjIlM0ExJTJDJTIyc3JjJTIyJTNBJTIyJTJGbWVkaWElMkZpbWFnZXMlMkZweXRob24taW5zdGFsbGF0aW9uLW9wdGlvbnMud2lkdGgtODAwLnBuZyUyMiUyQyUyMmFsdCUyMiUzQSUyMnB5dGhvbi1pbnN0YWxsYXRpb24tb3B0aW9ucy5wbmclMjIlMkMlMjJmb3JtYXQlMjIlM0ElMjJmdWxsd2lkdGglMjIlN0QlN0QlMkMlMjIyJTIyJTNBJTdCJTIydHlwZSUyMiUzQSUyMkxJTkslMjIlMkMlMjJtdXRhYmlsaXR5JTIyJTNBJTIyTVVUQUJMRSUyMiUyQyUyMmRhdGElMjIlM0ElN0IlMjJ1cmwlMjIlM0ElMjJodHRwcyUzQSUyRiUyRnd3dy5weXRob24ub3JnJTJGZG93bmxvYWRzJTJGd2luZG93cyUyRiUyMiU3RCU3RCUyQyUyMjMlMjIlM0ElN0IlMjJ0eXBlJTIyJTNBJTIyTElOSyUyMiUyQyUyMm11dGFiaWxpdHklMjIlM0ElMjJNVVRBQkxFJTIyJTJDJTIyZGF0YSUyMiUzQSU3QiUyMnVybCUyMiUzQSUyMmh0dHBzJTNBJTJGJTJGd3d3LnB5dGhvbi5vcmclMkZkb3dubG9hZHMlMkZyZWxlYXNlJTJGcHl0aG9uLTM0NiUyRiUyMiU3RCU3RCU3RCU3RCZnYWxsZXJ5X2ltYWdlcy1UT1RBTF9GT1JNUz0wJmdhbGxlcnlfaW1hZ2VzLUlOSVRJQUxfRk9STVM9MCZnYWxsZXJ5X2ltYWdlcy1NSU5fTlVNX0ZPUk1TPTAmZ2FsbGVyeV9pbWFnZXMtTUFYX05VTV9GT1JNUz0xMDAwJnNsdWc9aW5zdGFsYXItcHl0aG9uLWVuLXdpbmRvd3Mmc2VvX3RpdGxlPSZzZWFyY2hfZGVzY3JpcHRpb249JmdvX2xpdmVfYXQ9JmV4cGlyZV9hdD0iLDE1NjkyNzk1NzkuMzY5ODgwN119", "expire_date": "2019-10-07T22:59:39.389Z"}}, {"model": "auth.permission", "pk": 1, "fields": {"name": "Can add image", "content_type": 2, "codename": "add_image"}}, {"model": "auth.permission", "pk": 2, "fields": {"name": "Can change image", "content_type": 2, "codename": "change_image"}}, {"model": "auth.permission", "pk": 3, "fields": {"name": "Can delete image", "content_type": 2, "codename": "delete_image"}}, {"model": "auth.permission", "pk": 4, "fields": {"name": "Can access Wagtail admin", "content_type": 4, "codename": "access_admin"}}, {"model": "auth.permission", "pk": 5, "fields": {"name": "Can add document", "content_type": 5, "codename": "add_document"}}, {"model": "auth.permission", "pk": 6, "fields": {"name": "Can change document", "content_type": 5, "codename": "change_document"}}, {"model": "auth.permission", "pk": 7, "fields": {"name": "Can delete document", "content_type": 5, "codename": "delete_document"}}, {"model": "auth.permission", "pk": 8, "fields": {"name": "Can add home page", "content_type": 3, "codename": "add_homepage"}}, {"model": "auth.permission", "pk": 9, "fields": {"name": "Can change home page", "content_type": 3, "codename": "change_homepage"}}, {"model": "auth.permission", "pk": 10, "fields": {"name": "Can delete home page", "content_type": 3, "codename": "delete_homepage"}}, {"model": "auth.permission", "pk": 11, "fields": {"name": "Can view home page", "content_type": 3, "codename": "view_homepage"}}, {"model": "auth.permission", "pk": 12, "fields": {"name": "Can add default page", "content_type": 6, "codename": "add_defaultpage"}}, {"model": "auth.permission", "pk": 13, "fields": {"name": "Can change default page", "content_type": 6, "codename": "change_defaultpage"}}, {"model": "auth.permission", "pk": 14, "fields": {"name": "Can delete default page", "content_type": 6, "codename": "delete_defaultpage"}}, {"model": "auth.permission", "pk": 15, "fields": {"name": "Can view default page", "content_type": 6, "codename": "view_defaultpage"}}, {"model": "auth.permission", "pk": 16, "fields": {"name": "Can add blog index page", "content_type": 7, "codename": "add_blogindexpage"}}, {"model": "auth.permission", "pk": 17, "fields": {"name": "Can change blog index page", "content_type": 7, "codename": "change_blogindexpage"}}, {"model": "auth.permission", "pk": 18, "fields": {"name": "Can delete blog index page", "content_type": 7, "codename": "delete_blogindexpage"}}, {"model": "auth.permission", "pk": 19, "fields": {"name": "Can view blog index page", "content_type": 7, "codename": "view_blogindexpage"}}, {"model": "auth.permission", "pk": 20, "fields": {"name": "Can add blog page", "content_type": 8, "codename": "add_blogpage"}}, {"model": "auth.permission", "pk": 21, "fields": {"name": "Can change blog page", "content_type": 8, "codename": "change_blogpage"}}, {"model": "auth.permission", "pk": 22, "fields": {"name": "Can delete blog page", "content_type": 8, "codename": "delete_blogpage"}}, {"model": "auth.permission", "pk": 23, "fields": {"name": "Can view blog page", "content_type": 8, "codename": "view_blogpage"}}, {"model": "auth.permission", "pk": 24, "fields": {"name": "Can add blog page gallery image", "content_type": 9, "codename": "add_blogpagegalleryimage"}}, {"model": "auth.permission", "pk": 25, "fields": {"name": "Can change blog page gallery image", "content_type": 9, "codename": "change_blogpagegalleryimage"}}, {"model": "auth.permission", "pk": 26, "fields": {"name": "Can delete blog page gallery image", "content_type": 9, "codename": "delete_blogpagegalleryimage"}}, {"model": "auth.permission", "pk": 27, "fields": {"name": "Can view blog page gallery image", "content_type": 9, "codename": "view_blogpagegalleryimage"}}, {"model": "auth.permission", "pk": 28, "fields": {"name": "Can add blog page tag", "content_type": 10, "codename": "add_blogpagetag"}}, {"model": "auth.permission", "pk": 29, "fields": {"name": "Can change blog page tag", "content_type": 10, "codename": "change_blogpagetag"}}, {"model": "auth.permission", "pk": 30, "fields": {"name": "Can delete blog page tag", "content_type": 10, "codename": "delete_blogpagetag"}}, {"model": "auth.permission", "pk": 31, "fields": {"name": "Can view blog page tag", "content_type": 10, "codename": "view_blogpagetag"}}, {"model": "auth.permission", "pk": 32, "fields": {"name": "Can add blog tag index page", "content_type": 11, "codename": "add_blogtagindexpage"}}, {"model": "auth.permission", "pk": 33, "fields": {"name": "Can change blog tag index page", "content_type": 11, "codename": "change_blogtagindexpage"}}, {"model": "auth.permission", "pk": 34, "fields": {"name": "Can delete blog tag index page", "content_type": 11, "codename": "delete_blogtagindexpage"}}, {"model": "auth.permission", "pk": 35, "fields": {"name": "Can view blog tag index page", "content_type": 11, "codename": "view_blogtagindexpage"}}, {"model": "auth.permission", "pk": 36, "fields": {"name": "Can add form submission", "content_type": 12, "codename": "add_formsubmission"}}, {"model": "auth.permission", "pk": 37, "fields": {"name": "Can change form submission", "content_type": 12, "codename": "change_formsubmission"}}, {"model": "auth.permission", "pk": 38, "fields": {"name": "Can delete form submission", "content_type": 12, "codename": "delete_formsubmission"}}, {"model": "auth.permission", "pk": 39, "fields": {"name": "Can view form submission", "content_type": 12, "codename": "view_formsubmission"}}, {"model": "auth.permission", "pk": 40, "fields": {"name": "Can add redirect", "content_type": 13, "codename": "add_redirect"}}, {"model": "auth.permission", "pk": 41, "fields": {"name": "Can change redirect", "content_type": 13, "codename": "change_redirect"}}, {"model": "auth.permission", "pk": 42, "fields": {"name": "Can delete redirect", "content_type": 13, "codename": "delete_redirect"}}, {"model": "auth.permission", "pk": 43, "fields": {"name": "Can view redirect", "content_type": 13, "codename": "view_redirect"}}, {"model": "auth.permission", "pk": 44, "fields": {"name": "Can add embed", "content_type": 14, "codename": "add_embed"}}, {"model": "auth.permission", "pk": 45, "fields": {"name": "Can change embed", "content_type": 14, "codename": "change_embed"}}, {"model": "auth.permission", "pk": 46, "fields": {"name": "Can delete embed", "content_type": 14, "codename": "delete_embed"}}, {"model": "auth.permission", "pk": 47, "fields": {"name": "Can view embed", "content_type": 14, "codename": "view_embed"}}, {"model": "auth.permission", "pk": 48, "fields": {"name": "Can add user profile", "content_type": 15, "codename": "add_userprofile"}}, {"model": "auth.permission", "pk": 49, "fields": {"name": "Can change user profile", "content_type": 15, "codename": "change_userprofile"}}, {"model": "auth.permission", "pk": 50, "fields": {"name": "Can delete user profile", "content_type": 15, "codename": "delete_userprofile"}}, {"model": "auth.permission", "pk": 51, "fields": {"name": "Can view user profile", "content_type": 15, "codename": "view_userprofile"}}, {"model": "auth.permission", "pk": 52, "fields": {"name": "Can view document", "content_type": 5, "codename": "view_document"}}, {"model": "auth.permission", "pk": 53, "fields": {"name": "Can view image", "content_type": 2, "codename": "view_image"}}, {"model": "auth.permission", "pk": 54, "fields": {"name": "Can add rendition", "content_type": 16, "codename": "add_rendition"}}, {"model": "auth.permission", "pk": 55, "fields": {"name": "Can change rendition", "content_type": 16, "codename": "change_rendition"}}, {"model": "auth.permission", "pk": 56, "fields": {"name": "Can delete rendition", "content_type": 16, "codename": "delete_rendition"}}, {"model": "auth.permission", "pk": 57, "fields": {"name": "Can view rendition", "content_type": 16, "codename": "view_rendition"}}, {"model": "auth.permission", "pk": 58, "fields": {"name": "Can add query", "content_type": 17, "codename": "add_query"}}, {"model": "auth.permission", "pk": 59, "fields": {"name": "Can change query", "content_type": 17, "codename": "change_query"}}, {"model": "auth.permission", "pk": 60, "fields": {"name": "Can delete query", "content_type": 17, "codename": "delete_query"}}, {"model": "auth.permission", "pk": 61, "fields": {"name": "Can view query", "content_type": 17, "codename": "view_query"}}, {"model": "auth.permission", "pk": 62, "fields": {"name": "Can add Query Daily Hits", "content_type": 18, "codename": "add_querydailyhits"}}, {"model": "auth.permission", "pk": 63, "fields": {"name": "Can change Query Daily Hits", "content_type": 18, "codename": "change_querydailyhits"}}, {"model": "auth.permission", "pk": 64, "fields": {"name": "Can delete Query Daily Hits", "content_type": 18, "codename": "delete_querydailyhits"}}, {"model": "auth.permission", "pk": 65, "fields": {"name": "Can view Query Daily Hits", "content_type": 18, "codename": "view_querydailyhits"}}, {"model": "auth.permission", "pk": 66, "fields": {"name": "Can add page", "content_type": 1, "codename": "add_page"}}, {"model": "auth.permission", "pk": 67, "fields": {"name": "Can change page", "content_type": 1, "codename": "change_page"}}, {"model": "auth.permission", "pk": 68, "fields": {"name": "Can delete page", "content_type": 1, "codename": "delete_page"}}, {"model": "auth.permission", "pk": 69, "fields": {"name": "Can view page", "content_type": 1, "codename": "view_page"}}, {"model": "auth.permission", "pk": 70, "fields": {"name": "Can add group page permission", "content_type": 19, "codename": "add_grouppagepermission"}}, {"model": "auth.permission", "pk": 71, "fields": {"name": "Can change group page permission", "content_type": 19, "codename": "change_grouppagepermission"}}, {"model": "auth.permission", "pk": 72, "fields": {"name": "Can delete group page permission", "content_type": 19, "codename": "delete_grouppagepermission"}}, {"model": "auth.permission", "pk": 73, "fields": {"name": "Can view group page permission", "content_type": 19, "codename": "view_grouppagepermission"}}, {"model": "auth.permission", "pk": 74, "fields": {"name": "Can add page revision", "content_type": 20, "codename": "add_pagerevision"}}, {"model": "auth.permission", "pk": 75, "fields": {"name": "Can change page revision", "content_type": 20, "codename": "change_pagerevision"}}, {"model": "auth.permission", "pk": 76, "fields": {"name": "Can delete page revision", "content_type": 20, "codename": "delete_pagerevision"}}, {"model": "auth.permission", "pk": 77, "fields": {"name": "Can view page revision", "content_type": 20, "codename": "view_pagerevision"}}, {"model": "auth.permission", "pk": 78, "fields": {"name": "Can add page view restriction", "content_type": 21, "codename": "add_pageviewrestriction"}}, {"model": "auth.permission", "pk": 79, "fields": {"name": "Can change page view restriction", "content_type": 21, "codename": "change_pageviewrestriction"}}, {"model": "auth.permission", "pk": 80, "fields": {"name": "Can delete page view restriction", "content_type": 21, "codename": "delete_pageviewrestriction"}}, {"model": "auth.permission", "pk": 81, "fields": {"name": "Can view page view restriction", "content_type": 21, "codename": "view_pageviewrestriction"}}, {"model": "auth.permission", "pk": 82, "fields": {"name": "Can add site", "content_type": 22, "codename": "add_site"}}, {"model": "auth.permission", "pk": 83, "fields": {"name": "Can change site", "content_type": 22, "codename": "change_site"}}, {"model": "auth.permission", "pk": 84, "fields": {"name": "Can delete site", "content_type": 22, "codename": "delete_site"}}, {"model": "auth.permission", "pk": 85, "fields": {"name": "Can view site", "content_type": 22, "codename": "view_site"}}, {"model": "auth.permission", "pk": 86, "fields": {"name": "Can add collection", "content_type": 23, "codename": "add_collection"}}, {"model": "auth.permission", "pk": 87, "fields": {"name": "Can change collection", "content_type": 23, "codename": "change_collection"}}, {"model": "auth.permission", "pk": 88, "fields": {"name": "Can delete collection", "content_type": 23, "codename": "delete_collection"}}, {"model": "auth.permission", "pk": 89, "fields": {"name": "Can view collection", "content_type": 23, "codename": "view_collection"}}, {"model": "auth.permission", "pk": 90, "fields": {"name": "Can add group collection permission", "content_type": 24, "codename": "add_groupcollectionpermission"}}, {"model": "auth.permission", "pk": 91, "fields": {"name": "Can change group collection permission", "content_type": 24, "codename": "change_groupcollectionpermission"}}, {"model": "auth.permission", "pk": 92, "fields": {"name": "Can delete group collection permission", "content_type": 24, "codename": "delete_groupcollectionpermission"}}, {"model": "auth.permission", "pk": 93, "fields": {"name": "Can view group collection permission", "content_type": 24, "codename": "view_groupcollectionpermission"}}, {"model": "auth.permission", "pk": 94, "fields": {"name": "Can add collection view restriction", "content_type": 25, "codename": "add_collectionviewrestriction"}}, {"model": "auth.permission", "pk": 95, "fields": {"name": "Can change collection view restriction", "content_type": 25, "codename": "change_collectionviewrestriction"}}, {"model": "auth.permission", "pk": 96, "fields": {"name": "Can delete collection view restriction", "content_type": 25, "codename": "delete_collectionviewrestriction"}}, {"model": "auth.permission", "pk": 97, "fields": {"name": "Can view collection view restriction", "content_type": 25, "codename": "view_collectionviewrestriction"}}, {"model": "auth.permission", "pk": 98, "fields": {"name": "Can add Tag", "content_type": 26, "codename": "add_tag"}}, {"model": "auth.permission", "pk": 99, "fields": {"name": "Can change Tag", "content_type": 26, "codename": "change_tag"}}, {"model": "auth.permission", "pk": 100, "fields": {"name": "Can delete Tag", "content_type": 26, "codename": "delete_tag"}}, {"model": "auth.permission", "pk": 101, "fields": {"name": "Can view Tag", "content_type": 26, "codename": "view_tag"}}, {"model": "auth.permission", "pk": 102, "fields": {"name": "Can add Tagged Item", "content_type": 27, "codename": "add_taggeditem"}}, {"model": "auth.permission", "pk": 103, "fields": {"name": "Can change Tagged Item", "content_type": 27, "codename": "change_taggeditem"}}, {"model": "auth.permission", "pk": 104, "fields": {"name": "Can delete Tagged Item", "content_type": 27, "codename": "delete_taggeditem"}}, {"model": "auth.permission", "pk": 105, "fields": {"name": "Can view Tagged Item", "content_type": 27, "codename": "view_taggeditem"}}, {"model": "auth.permission", "pk": 106, "fields": {"name": "Can add log entry", "content_type": 28, "codename": "add_logentry"}}, {"model": "auth.permission", "pk": 107, "fields": {"name": "Can change log entry", "content_type": 28, "codename": "change_logentry"}}, {"model": "auth.permission", "pk": 108, "fields": {"name": "Can delete log entry", "content_type": 28, "codename": "delete_logentry"}}, {"model": "auth.permission", "pk": 109, "fields": {"name": "Can view log entry", "content_type": 28, "codename": "view_logentry"}}, {"model": "auth.permission", "pk": 110, "fields": {"name": "Can add permission", "content_type": 29, "codename": "add_permission"}}, {"model": "auth.permission", "pk": 111, "fields": {"name": "Can change permission", "content_type": 29, "codename": "change_permission"}}, {"model": "auth.permission", "pk": 112, "fields": {"name": "Can delete permission", "content_type": 29, "codename": "delete_permission"}}, {"model": "auth.permission", "pk": 113, "fields": {"name": "Can view permission", "content_type": 29, "codename": "view_permission"}}, {"model": "auth.permission", "pk": 114, "fields": {"name": "Can add group", "content_type": 30, "codename": "add_group"}}, {"model": "auth.permission", "pk": 115, "fields": {"name": "Can change group", "content_type": 30, "codename": "change_group"}}, {"model": "auth.permission", "pk": 116, "fields": {"name": "Can delete group", "content_type": 30, "codename": "delete_group"}}, {"model": "auth.permission", "pk": 117, "fields": {"name": "Can view group", "content_type": 30, "codename": "view_group"}}, {"model": "auth.permission", "pk": 118, "fields": {"name": "Can add user", "content_type": 31, "codename": "add_user"}}, {"model": "auth.permission", "pk": 119, "fields": {"name": "Can change user", "content_type": 31, "codename": "change_user"}}, {"model": "auth.permission", "pk": 120, "fields": {"name": "Can delete user", "content_type": 31, "codename": "delete_user"}}, {"model": "auth.permission", "pk": 121, "fields": {"name": "Can view user", "content_type": 31, "codename": "view_user"}}, {"model": "auth.permission", "pk": 122, "fields": {"name": "Can add content type", "content_type": 32, "codename": "add_contenttype"}}, {"model": "auth.permission", "pk": 123, "fields": {"name": "Can change content type", "content_type": 32, "codename": "change_contenttype"}}, {"model": "auth.permission", "pk": 124, "fields": {"name": "Can delete content type", "content_type": 32, "codename": "delete_contenttype"}}, {"model": "auth.permission", "pk": 125, "fields": {"name": "Can view content type", "content_type": 32, "codename": "view_contenttype"}}, {"model": "auth.permission", "pk": 126, "fields": {"name": "Can add session", "content_type": 33, "codename": "add_session"}}, {"model": "auth.permission", "pk": 127, "fields": {"name": "Can change session", "content_type": 33, "codename": "change_session"}}, {"model": "auth.permission", "pk": 128, "fields": {"name": "Can delete session", "content_type": 33, "codename": "delete_session"}}, {"model": "auth.permission", "pk": 129, "fields": {"name": "Can view session", "content_type": 33, "codename": "view_session"}}, {"model": "auth.group", "pk": 1, "fields": {"name": "Moderators", "permissions": [4, 5, 6, 7, 1, 2, 3]}}, {"model": "auth.group", "pk": 2, "fields": {"name": "Editors", "permissions": [4, 5, 6, 7, 1, 2, 3]}}, {"model": "auth.user", "pk": 1, "fields": {"password": "pbkdf2_sha256$150000$aWZxMrW1S50q$OB4yiZcTXd6K9Q50yNnLPwhw9guiSqOfTLaqCWYb0Es=", "last_login": "2019-09-23T18:51:57.823Z", "is_superuser": true, "username": "admin", "first_name": "", "last_name": "", "email": "", "is_staff": true, "is_active": true, "date_joined": "2019-09-23T18:44:10.527Z", "groups": [], "user_permissions": []}}, {"model": "wagtailcore.groupcollectionpermission", "pk": 1, "fields": {"group": 2, "collection": 1, "permission": 1}}, {"model": "wagtailcore.groupcollectionpermission", "pk": 2, "fields": {"group": 1, "collection": 1, "permission": 1}}, {"model": "wagtailcore.groupcollectionpermission", "pk": 3, "fields": {"group": 2, "collection": 1, "permission": 2}}, {"model": "wagtailcore.groupcollectionpermission", "pk": 4, "fields": {"group": 1, "collection": 1, "permission": 2}}, {"model": "wagtailcore.groupcollectionpermission", "pk": 5, "fields": {"group": 2, "collection": 1, "permission": 5}}, {"model": "wagtailcore.groupcollectionpermission", "pk": 6, "fields": {"group": 1, "collection": 1, "permission": 5}}, {"model": "wagtailcore.groupcollectionpermission", "pk": 7, "fields": {"group": 2, "collection": 1, "permission": 6}}, {"model": "wagtailcore.groupcollectionpermission", "pk": 8, "fields": {"group": 1, "collection": 1, "permission": 6}}, {"model": "wagtailcore.grouppagepermission", "pk": 1, "fields": {"group": 1, "page": 1, "permission_type": "add"}}, {"model": "wagtailcore.grouppagepermission", "pk": 2, "fields": {"group": 1, "page": 1, "permission_type": "edit"}}, {"model": "wagtailcore.grouppagepermission", "pk": 3, "fields": {"group": 1, "page": 1, "permission_type": "publish"}}, {"model": "wagtailcore.grouppagepermission", "pk": 4, "fields": {"group": 2, "page": 1, "permission_type": "add"}}, {"model": "wagtailcore.grouppagepermission", "pk": 5, "fields": {"group": 2, "page": 1, "permission_type": "edit"}}, {"model": "wagtailcore.grouppagepermission", "pk": 6, "fields": {"group": 1, "page": 1, "permission_type": "lock"}}, {"model": "wagtailcore.pagerevision", "pk": 1, "fields": {"page": 4, "submitted_for_moderation": false, "created_at": "2018-04-17T05:30:57.813Z", "user": 1, "content_json": "{\"pk\": 4, \"path\": \"000100010001\", \"depth\": 3, \"numchild\": 0, \"title\": \"PythonPy Blog\", \"draft_title\": \"PythonPy Blog\", \"slug\": \"pythonpy-blog\", \"content_type\": 7, \"live\": true, \"has_unpublished_changes\": false, \"url_path\": \"/home/pythonpy-blog/\", \"owner\": 1, \"seo_title\": \"\", \"show_in_menus\": false, \"search_description\": \"\", \"go_live_at\": null, \"expire_at\": null, \"expired\": false, \"locked\": false, \"first_published_at\": null, \"last_published_at\": null, \"latest_revision_created_at\": null, \"live_revision\": null, \"intro\": \"<p>Este es el blog</p>\"}", "approved_go_live_at": null}}, {"model": "wagtailcore.pagerevision", "pk": 2, "fields": {"page": 5, "submitted_for_moderation": false, "created_at": "2018-04-17T05:34:44.166Z", "user": 1, "content_json": "{\"pk\": 5, \"path\": \"0001000100010001\", \"depth\": 4, \"numchild\": 0, \"title\": \"Post 1 tutorial bla bkla\", \"draft_title\": \"Post 1 tutorial bla bkla\", \"slug\": \"post-1-tutorial-bla-bkla\", \"content_type\": 8, \"live\": false, \"has_unpublished_changes\": false, \"url_path\": \"/home/pythonpy-blog/post-1-tutorial-bla-bkla/\", \"owner\": 1, \"seo_title\": \"\", \"show_in_menus\": false, \"search_description\": \"\", \"go_live_at\": null, \"expire_at\": null, \"expired\": false, \"locked\": false, \"first_published_at\": null, \"last_published_at\": null, \"latest_revision_created_at\": null, \"live_revision\": null, \"date\": \"2018-04-17\", \"excerpt\": \"resumen del post\", \"body\": \"[{\\\"type\\\": \\\"heading\\\", \\\"value\\\": \\\"Encabezado bla\\\", \\\"id\\\": \\\"717ac0cd-658b-4728-b589-725d80c1bcfd\\\"}, {\\\"type\\\": \\\"paragraph\\\", \\\"value\\\": \\\"<p>Este<b> es un</b> <i>parrafo</i></p>\\\", \\\"id\\\": \\\"b5d19b48-7453-45d2-a9e8-025a02fee6e2\\\"}, {\\\"type\\\": \\\"image\\\", \\\"value\\\": 1, \\\"id\\\": \\\"ad4d39aa-dd4b-4fb0-800d-3810b8bff193\\\"}, {\\\"type\\\": \\\"two_columns\\\", \\\"value\\\": {\\\"left_column\\\": [{\\\"type\\\": \\\"paragraph\\\", \\\"value\\\": \\\"<p>Columna 1</p><p>Do you see any Teletubbies in here? Do you see a slender plastic tag clipped to my shirt with my name printed on it? Do you see a little Asian child with a blank expression on his face sitting outside on a mechanical helicopter that shakes when you put quarters in it? No? Well, that&#x27;s what you see at a toy store. And you must think you&#x27;re in a toy store, because you&#x27;re here shopping for an infant named Jeb.</p>\\\", \\\"id\\\": \\\"5b8ddbd1-8966-4e4c-86d7-6ddcb8939008\\\"}], \\\"right_column\\\": [{\\\"type\\\": \\\"paragraph\\\", \\\"value\\\": \\\"<p>Columna2</p><p>Now that there is the Tec-9, a crappy spray gun from South Miami. This gun is advertised as the most popular gun in American crime. Do you believe that shit? It actually says that in the little book that comes with it: the most popular gun in American crime. Like they&#x27;re actually proud of that shit.</p><p></p>\\\", \\\"id\\\": \\\"91180dce-b8e9-4d34-9bb6-ff5d482fb859\\\"}]}, \\\"id\\\": \\\"7d370740-2aee-4044-a68d-09212f071107\\\"}, {\\\"type\\\": \\\"thumbnail\\\", \\\"value\\\": {\\\"image\\\": 2, \\\"url\\\": \\\"http://google.com\\\", \\\"media_type\\\": \\\"image\\\", \\\"text\\\": \\\"no se\\\"}, \\\"id\\\": \\\"c64141f0-5cee-424d-8060-d081eb644a57\\\"}]\", \"tagged_items\": [], \"gallery_images\": []}", "approved_go_live_at": null}}, {"model": "wagtailcore.pagerevision", "pk": 3, "fields": {"page": 5, "submitted_for_moderation": false, "created_at": "2018-04-17T05:34:49.676Z", "user": 1, "content_json": "{\"pk\": 5, \"path\": \"0001000100010001\", \"depth\": 4, \"numchild\": 0, \"title\": \"Post 1 tutorial bla bkla\", \"draft_title\": \"Post 1 tutorial bla bkla\", \"slug\": \"post-1-tutorial-bla-bkla\", \"content_type\": 8, \"live\": false, \"has_unpublished_changes\": true, \"url_path\": \"/home/pythonpy-blog/post-1-tutorial-bla-bkla/\", \"owner\": 1, \"seo_title\": \"\", \"show_in_menus\": false, \"search_description\": \"\", \"go_live_at\": null, \"expire_at\": null, \"expired\": false, \"locked\": false, \"first_published_at\": null, \"last_published_at\": null, \"latest_revision_created_at\": \"2018-04-17T05:34:44.166Z\", \"live_revision\": null, \"date\": \"2018-04-17\", \"excerpt\": \"resumen del post\", \"body\": \"[{\\\"type\\\": \\\"heading\\\", \\\"value\\\": \\\"Encabezado bla\\\", \\\"id\\\": \\\"717ac0cd-658b-4728-b589-725d80c1bcfd\\\"}, {\\\"type\\\": \\\"paragraph\\\", \\\"value\\\": \\\"<p>Este<b> es un</b> <i>parrafo</i></p>\\\", \\\"id\\\": \\\"b5d19b48-7453-45d2-a9e8-025a02fee6e2\\\"}, {\\\"type\\\": \\\"image\\\", \\\"value\\\": 1, \\\"id\\\": \\\"ad4d39aa-dd4b-4fb0-800d-3810b8bff193\\\"}, {\\\"type\\\": \\\"two_columns\\\", \\\"value\\\": {\\\"left_column\\\": [{\\\"type\\\": \\\"paragraph\\\", \\\"value\\\": \\\"<p>Columna 1</p><p>Do you see any Teletubbies in here? Do you see a slender plastic tag clipped to my shirt with my name printed on it? Do you see a little Asian child with a blank expression on his face sitting outside on a mechanical helicopter that shakes when you put quarters in it? No? Well, that&#x27;s what you see at a toy store. And you must think you&#x27;re in a toy store, because you&#x27;re here shopping for an infant named Jeb.</p>\\\", \\\"id\\\": \\\"5b8ddbd1-8966-4e4c-86d7-6ddcb8939008\\\"}], \\\"right_column\\\": [{\\\"type\\\": \\\"paragraph\\\", \\\"value\\\": \\\"<p>Columna2</p><p>Now that there is the Tec-9, a crappy spray gun from South Miami. This gun is advertised as the most popular gun in American crime. Do you believe that shit? It actually says that in the little book that comes with it: the most popular gun in American crime. Like they&#x27;re actually proud of that shit.</p><p></p>\\\", \\\"id\\\": \\\"91180dce-b8e9-4d34-9bb6-ff5d482fb859\\\"}]}, \\\"id\\\": \\\"7d370740-2aee-4044-a68d-09212f071107\\\"}, {\\\"type\\\": \\\"thumbnail\\\", \\\"value\\\": {\\\"image\\\": 2, \\\"url\\\": \\\"http://google.com\\\", \\\"media_type\\\": \\\"image\\\", \\\"text\\\": \\\"no se\\\"}, \\\"id\\\": \\\"c64141f0-5cee-424d-8060-d081eb644a57\\\"}]\", \"tagged_items\": [], \"gallery_images\": []}", "approved_go_live_at": null}}, {"model": "wagtailcore.pagerevision", "pk": 4, "fields": {"page": 4, "submitted_for_moderation": false, "created_at": "2018-04-17T05:35:13.816Z", "user": 1, "content_json": "{\"pk\": 4, \"path\": \"000100010001\", \"depth\": 3, \"numchild\": 1, \"title\": \"PythonPy Blog\", \"draft_title\": \"PythonPy Blog\", \"slug\": \"pythonpy-blog\", \"content_type\": 7, \"live\": true, \"has_unpublished_changes\": false, \"url_path\": \"/home/pythonpy-blog/\", \"owner\": 1, \"seo_title\": \"\", \"show_in_menus\": true, \"search_description\": \"\", \"go_live_at\": null, \"expire_at\": null, \"expired\": false, \"locked\": false, \"first_published_at\": \"2018-04-17T05:30:57.862Z\", \"last_published_at\": \"2018-04-17T05:30:57.862Z\", \"latest_revision_created_at\": \"2018-04-17T05:30:57.813Z\", \"live_revision\": 1, \"intro\": \"<p>Este es el blog</p>\"}", "approved_go_live_at": null}}, {"model": "wagtailcore.pagerevision", "pk": 5, "fields": {"page": 6, "submitted_for_moderation": false, "created_at": "2018-04-17T05:36:42.133Z", "user": 1, "content_json": "{\"pk\": 6, \"path\": \"000100010002\", \"depth\": 3, \"numchild\": 0, \"title\": \"Acerca de\", \"draft_title\": \"Acerca de\", \"slug\": \"acerca-de\", \"content_type\": 6, \"live\": false, \"has_unpublished_changes\": false, \"url_path\": \"/home/acerca-de/\", \"owner\": 1, \"seo_title\": \"\", \"show_in_menus\": false, \"search_description\": \"\", \"go_live_at\": null, \"expire_at\": null, \"expired\": false, \"locked\": false, \"first_published_at\": null, \"last_published_at\": null, \"latest_revision_created_at\": null, \"live_revision\": null, \"body\": \"[{\\\"type\\\": \\\"heading\\\", \\\"value\\\": \\\"Quienes somos?\\\", \\\"id\\\": \\\"f2de690c-5992-4593-8a03-85855e226abc\\\"}, {\\\"type\\\": \\\"paragraph\\\", \\\"value\\\": \\\"<p>Que buena pregunta</p>\\\", \\\"id\\\": \\\"ea2964c3-cb57-413a-8fcf-8ca6f5a1520b\\\"}]\"}", "approved_go_live_at": null}}, {"model": "wagtailcore.pagerevision", "pk": 6, "fields": {"page": 6, "submitted_for_moderation": false, "created_at": "2018-04-17T05:36:50.375Z", "user": 1, "content_json": "{\"pk\": 6, \"path\": \"000100010002\", \"depth\": 3, \"numchild\": 0, \"title\": \"Acerca de\", \"draft_title\": \"Acerca de\", \"slug\": \"acerca-de\", \"content_type\": 6, \"live\": false, \"has_unpublished_changes\": true, \"url_path\": \"/home/acerca-de/\", \"owner\": 1, \"seo_title\": \"\", \"show_in_menus\": true, \"search_description\": \"\", \"go_live_at\": null, \"expire_at\": null, \"expired\": false, \"locked\": false, \"first_published_at\": null, \"last_published_at\": null, \"latest_revision_created_at\": \"2018-04-17T05:36:42.133Z\", \"live_revision\": null, \"body\": \"[{\\\"type\\\": \\\"heading\\\", \\\"value\\\": \\\"Quienes somos?\\\", \\\"id\\\": \\\"f2de690c-5992-4593-8a03-85855e226abc\\\"}, {\\\"type\\\": \\\"paragraph\\\", \\\"value\\\": \\\"<p>Que buena pregunta</p>\\\", \\\"id\\\": \\\"ea2964c3-cb57-413a-8fcf-8ca6f5a1520b\\\"}]\"}", "approved_go_live_at": null}}, {"model": "wagtailcore.pagerevision", "pk": 7, "fields": {"page": 7, "submitted_for_moderation": false, "created_at": "2018-04-17T05:39:00.997Z", "user": 1, "content_json": "{\"pk\": 7, \"path\": \"000100010003\", \"depth\": 3, \"numchild\": 0, \"title\": \"FAQ\", \"draft_title\": \"FAQ\", \"slug\": \"faq\", \"content_type\": 6, \"live\": true, \"has_unpublished_changes\": false, \"url_path\": \"/home/faq/\", \"owner\": 1, \"seo_title\": \"\", \"show_in_menus\": true, \"search_description\": \"\", \"go_live_at\": null, \"expire_at\": null, \"expired\": false, \"locked\": false, \"first_published_at\": null, \"last_published_at\": null, \"latest_revision_created_at\": null, \"live_revision\": null, \"body\": \"[{\\\"type\\\": \\\"paragraph\\\", \\\"value\\\": \\\"<h4>Pregunta 1?</h4><p>You think water moves fast? You should see ice. It moves like it has a mind. Like it knows it killed the world once and got a taste for murder. After the avalanche, it took us a week to climb out. Now, I don&#x27;t know exactly when we turned on each other, but I know that seven of us survived the slide... and only five made it out. Now we took an oath, that I&#x27;m breaking now. We said we&#x27;d say it was the snow that killed the other two, but it wasn&#x27;t. Nature is lethal but it doesn&#x27;t hold a candle to man.</p><p></p><h4>Pregunta 2?</h4><p>The lysine contingency - it&#x27;s intended to prevent the spread of the animals is case they ever got off the island. Dr. Wu inserted a gene that makes a single faulty enzyme in protein metabolism. The animals can&#x27;t manufacture the amino acid lysine. Unless they&#x27;re continually supplied with lysine by us, they&#x27;ll slip into a coma and die.</p><p></p><h4>Pregunta 3?</h4><p>sijsgflsgfjlsfgnsfg</p><p>sgsgdsgdsgds</p><p>sdgd</p><p>s</p><p></p><p></p><h4>Pregunta 4?</h4><p></p><p>NOPE</p>\\\", \\\"id\\\": \\\"8379b1b4-7f75-4586-a086-ee5e95eb2ecb\\\"}]\"}", "approved_go_live_at": null}}, {"model": "wagtailcore.pagerevision", "pk": 8, "fields": {"page": 8, "submitted_for_moderation": false, "created_at": "2018-04-17T05:40:50.347Z", "user": 1, "content_json": "{\"pk\": 8, \"path\": \"000100010004\", \"depth\": 3, \"numchild\": 0, \"title\": \"Tutoriales\", \"draft_title\": \"Tutoriales\", \"slug\": \"tutoriales\", \"content_type\": 7, \"live\": true, \"has_unpublished_changes\": false, \"url_path\": \"/home/tutoriales/\", \"owner\": 1, \"seo_title\": \"\", \"show_in_menus\": true, \"search_description\": \"\", \"go_live_at\": null, \"expire_at\": null, \"expired\": false, \"locked\": false, \"first_published_at\": null, \"last_published_at\": null, \"latest_revision_created_at\": null, \"live_revision\": null, \"intro\": \"<p></p>\"}", "approved_go_live_at": null}}, {"model": "wagtailcore.pagerevision", "pk": 10, "fields": {"page": 5, "submitted_for_moderation": false, "created_at": "2018-04-17T05:43:08.792Z", "user": 1, "content_json": "{\"pk\": 5, \"path\": \"0001000100010001\", \"depth\": 4, \"numchild\": 0, \"title\": \"Post 1 blbablabla\", \"draft_title\": \"Post 1 tutorial bla bkla\", \"slug\": \"post-1-tutorial-bla-bkla\", \"content_type\": 8, \"live\": true, \"has_unpublished_changes\": false, \"url_path\": \"/home/pythonpy-blog/post-1-tutorial-bla-bkla/\", \"owner\": 1, \"seo_title\": \"\", \"show_in_menus\": false, \"search_description\": \"\", \"go_live_at\": null, \"expire_at\": null, \"expired\": false, \"locked\": false, \"first_published_at\": \"2018-04-17T05:34:49.733Z\", \"last_published_at\": \"2018-04-17T05:34:49.733Z\", \"latest_revision_created_at\": \"2018-04-17T05:34:49.676Z\", \"live_revision\": 3, \"date\": \"2018-04-17\", \"excerpt\": \"resumen del post\", \"body\": \"[{\\\"type\\\": \\\"heading\\\", \\\"value\\\": \\\"Encabezado bla\\\", \\\"id\\\": \\\"717ac0cd-658b-4728-b589-725d80c1bcfd\\\"}, {\\\"type\\\": \\\"paragraph\\\", \\\"value\\\": \\\"<p>Este<b> es un</b> <i>parrafo</i></p>\\\", \\\"id\\\": \\\"b5d19b48-7453-45d2-a9e8-025a02fee6e2\\\"}, {\\\"type\\\": \\\"image\\\", \\\"value\\\": 1, \\\"id\\\": \\\"ad4d39aa-dd4b-4fb0-800d-3810b8bff193\\\"}, {\\\"type\\\": \\\"two_columns\\\", \\\"value\\\": {\\\"left_column\\\": [{\\\"type\\\": \\\"paragraph\\\", \\\"value\\\": \\\"<p>Columna 1</p><p>Do you see any Teletubbies in here? Do you see a slender plastic tag clipped to my shirt with my name printed on it? Do you see a little Asian child with a blank expression on his face sitting outside on a mechanical helicopter that shakes when you put quarters in it? No? Well, that&#x27;s what you see at a toy store. And you must think you&#x27;re in a toy store, because you&#x27;re here shopping for an infant named Jeb.</p>\\\", \\\"id\\\": \\\"5b8ddbd1-8966-4e4c-86d7-6ddcb8939008\\\"}], \\\"right_column\\\": [{\\\"type\\\": \\\"paragraph\\\", \\\"value\\\": \\\"<p>Columna2</p><p>Now that there is the Tec-9, a crappy spray gun from South Miami. This gun is advertised as the most popular gun in American crime. Do you believe that shit? It actually says that in the little book that comes with it: the most popular gun in American crime. Like they&#x27;re actually proud of that shit.</p><p></p>\\\", \\\"id\\\": \\\"91180dce-b8e9-4d34-9bb6-ff5d482fb859\\\"}]}, \\\"id\\\": \\\"7d370740-2aee-4044-a68d-09212f071107\\\"}, {\\\"type\\\": \\\"thumbnail\\\", \\\"value\\\": {\\\"image\\\": 2, \\\"url\\\": \\\"http://google.com\\\", \\\"media_type\\\": \\\"image\\\", \\\"text\\\": \\\"no se\\\"}, \\\"id\\\": \\\"c64141f0-5cee-424d-8060-d081eb644a57\\\"}]\", \"tagged_items\": [{\"pk\": null, \"tag\": 2, \"content_object\": 5}], \"gallery_images\": []}", "approved_go_live_at": null}}, {"model": "wagtailcore.pagerevision", "pk": 11, "fields": {"page": 10, "submitted_for_moderation": false, "created_at": "2018-04-17T05:44:33.325Z", "user": 1, "content_json": "{\"pk\": 10, \"path\": \"0001000100010002\", \"depth\": 4, \"numchild\": 0, \"title\": \"Lanzamiento de la Web de Python Py\", \"draft_title\": \"Lanzamiento de la Web de Python Py\", \"slug\": \"lanzamiento-de-la-web-de-python-py\", \"content_type\": 8, \"live\": true, \"has_unpublished_changes\": false, \"url_path\": \"/home/pythonpy-blog/lanzamiento-de-la-web-de-python-py/\", \"owner\": 1, \"seo_title\": \"\", \"show_in_menus\": false, \"search_description\": \"\", \"go_live_at\": null, \"expire_at\": null, \"expired\": false, \"locked\": false, \"first_published_at\": null, \"last_published_at\": null, \"latest_revision_created_at\": null, \"live_revision\": null, \"date\": \"2018-04-17\", \"excerpt\": \"\", \"body\": \"[{\\\"type\\\": \\\"paragraph\\\", \\\"value\\\": \\\"<p>El <a href=\\\\\\\"http://mundohispanico.com/noticias/el-uscis-busca-impedir-que-empleados-sean-piadosos-al-evaluar-solicitudes-migratorias\\\\\\\"><b>Departamento de Ciudadan\\\\u00eda e Inmigraci\\\\u00f3n de Estados Unidos</b></a> (USCIS, por sus siglas en ingl\\\\u00e9s) anunci\\\\u00f3 el lanzamiento de una nueva herramienta para verificar la elegibilidad laboral.</p><p>A trav\\\\u00e9s del nuevo sitio web <a href=\\\\\\\"https://www.e-verify.gov/\\\\\\\">E-Verify.gov</a>, empleadores, trabajadores y p\\\\u00fablico en general podr\\\\u00e1n obtener gratuitamente informaci\\\\u00f3n electr\\\\u00f3nica sobre la elegibilidad de empleo.</p><p><b>Just launched! Employers and employees, check out the new</b> <a href=\\\\\\\"https://t.co/K4TTzYDNPw\\\\\\\"><b>https://t.co/K4TTzYDNPw</b></a> <b>website for tools and services.</b> <a href=\\\\\\\"https://t.co/iq2ckY3Gh6\\\\\\\"><b>pic.twitter.com/iq2ckY3Gh6</b></a><br/><b>\\\\u2014 USCIS (@USCIS)</b> <a href=\\\\\\\"https://twitter.com/USCIS/status/983697618323861504?ref_src=twsrc%5Etfw\\\\\\\"><b>April 10, 2018</b></a></p><p>El portal proporciona informaci\\\\u00f3n sobre el Formulario I-9, Verificaci\\\\u00f3n de Elegibilidad de Empleo, que incluye los derechos de los <a href=\\\\\\\"http://mundohispanico.com/dinero/por-que-estan-exigiendo-trabajadores-mexicanos-en-el-campo-estadounidense-esta-es-la-razon-video\\\\\\\"><b>trabajadores</b></a> y las responsabilidades del empleador en el proceso de verificaci\\\\u00f3n de empleo.</p><p>E-Verify.gov permitir\\\\u00e1 a los empleadores inscribirse directamente en el sistema de verificaci\\\\u00f3n.</p><p>\\\\u201cDurante la \\\\u00faltima d\\\\u00e9cada, E-Verify ha sido la piedra angular de nuestro compromiso continuo para ayudar a los empleadores a mantener una fuerza de trabajo legal\\\\u201d, dijo el director de USCIS, <a href=\\\\\\\"https://mundohispanico.com/noticias/inmigracion/revelan-que-el-director-de-uscis-que-borro-nacion-de-inmigrantes-es-hijo-de-una-inmigrante\\\\\\\"><b>Lee Francis Cissna</b></a>.</p><p>\\\\u201cE-Verify.gov ahora permite a los usuarios comprender mejor y navegar a trav\\\\u00e9s del proceso de verificaci\\\\u00f3n de empleo\\\\u201d, agreg\\\\u00f3.</p><p>USCIS insta a verificar nuevas contrataciones</p><p>Los empleadores pueden acceder a E-Verify.gov en cualquier momento y en cualquier lugar directamente desde un navegador web.</p><p>Casi todos los empleados son confirmados como autorizados para trabajar al instante, o en un per\\\\u00edodo m\\\\u00e1ximo de 24 horas.</p><p>El sistema, que cuenta con casi 800,000 empleadores inscritos, compara la informaci\\\\u00f3n del Formulario I-9 de un trabajador con los registros disponibles en el Departamento de Seguridad Nacional (DHS) y la Administraci\\\\u00f3n del Seguro Social, para verificar la autorizaci\\\\u00f3n para trabajar en Estados Unidos.</p><p>El 18 de abril de 2017, el presidente Donald <a href=\\\\\\\"http://mundohispanico.com/dinero/trump-escribe-sobre-el-desempleo-y-les-reprocha-a-los-hispanos-por-twitter\\\\\\\"><b>Trump</b></a> firm\\\\u00f3 la orden ejecutiva \\\\u201cBuy American and Hire American\\\\u201d, con el objetivo de ayudar a reducir la inmigraci\\\\u00f3n ilegal y preservar empleos para los trabajadores Estados Unidos.</p><p>En este sentido, USCIS exhort\\\\u00f3 a los empleadores a verificar las nuevas contrataciones a trav\\\\u00e9s de E-Verify.gov.</p>\\\", \\\"id\\\": \\\"d3442924-54cf-4d41-9309-7f5fd4af6731\\\"}]\", \"tagged_items\": [], \"gallery_images\": []}", "approved_go_live_at": null}}, {"model": "wagtailcore.pagerevision", "pk": 12, "fields": {"page": 10, "submitted_for_moderation": false, "created_at": "2018-04-17T05:45:31.092Z", "user": 1, "content_json": "{\"pk\": 10, \"path\": \"0001000100010002\", \"depth\": 4, \"numchild\": 0, \"title\": \"Lanzamiento de la Web de Python Py\", \"draft_title\": \"Lanzamiento de la Web de Python Py\", \"slug\": \"lanzamiento-de-la-web-de-python-py\", \"content_type\": 8, \"live\": true, \"has_unpublished_changes\": false, \"url_path\": \"/home/pythonpy-blog/lanzamiento-de-la-web-de-python-py/\", \"owner\": 1, \"seo_title\": \"\", \"show_in_menus\": false, \"search_description\": \"\", \"go_live_at\": null, \"expire_at\": null, \"expired\": false, \"locked\": false, \"first_published_at\": \"2018-04-17T05:44:33.366Z\", \"last_published_at\": \"2018-04-17T05:44:33.366Z\", \"latest_revision_created_at\": \"2018-04-17T05:44:33.325Z\", \"live_revision\": 11, \"date\": \"2018-04-17\", \"excerpt\": \"\", \"body\": \"[{\\\"type\\\": \\\"paragraph\\\", \\\"value\\\": \\\"<p>El <a href=\\\\\\\"http://mundohispanico.com/noticias/el-uscis-busca-impedir-que-empleados-sean-piadosos-al-evaluar-solicitudes-migratorias\\\\\\\"><b>Departamento de Ciudadan\\\\u00eda e Inmigraci\\\\u00f3n de Estados Unidos</b></a> (USCIS, por sus siglas en ingl\\\\u00e9s) anunci\\\\u00f3 el lanzamiento de una nueva herramienta para verificar la elegibilidad laboral.</p><p>A trav\\\\u00e9s del nuevo sitio web <a href=\\\\\\\"https://www.e-verify.gov/\\\\\\\">E-Verify.gov</a>, empleadores, trabajadores y p\\\\u00fablico en general podr\\\\u00e1n obtener gratuitamente informaci\\\\u00f3n electr\\\\u00f3nica sobre la elegibilidad de empleo.</p><p><b>Just launched! Employers and employees, check out the new</b> <a href=\\\\\\\"https://t.co/K4TTzYDNPw\\\\\\\"><b>https://t.co/K4TTzYDNPw</b></a> <b>website for tools and services.</b> <a href=\\\\\\\"https://t.co/iq2ckY3Gh6\\\\\\\"><b>pic.twitter.com/iq2ckY3Gh6</b></a><br/><b>\\\\u2014 USCIS (@USCIS)</b> <a href=\\\\\\\"https://twitter.com/USCIS/status/983697618323861504?ref_src=twsrc%5Etfw\\\\\\\"><b>April 10, 2018</b></a></p><p>El portal proporciona informaci\\\\u00f3n sobre el Formulario I-9, Verificaci\\\\u00f3n de Elegibilidad de Empleo, que incluye los derechos de los <a href=\\\\\\\"http://mundohispanico.com/dinero/por-que-estan-exigiendo-trabajadores-mexicanos-en-el-campo-estadounidense-esta-es-la-razon-video\\\\\\\"><b>trabajadores</b></a> y las responsabilidades del empleador en el proceso de verificaci\\\\u00f3n de empleo.</p><p>E-Verify.gov permitir\\\\u00e1 a los empleadores inscribirse directamente en el sistema de verificaci\\\\u00f3n.</p><p>\\\\u201cDurante la \\\\u00faltima d\\\\u00e9cada, E-Verify ha sido la piedra angular de nuestro compromiso continuo para ayudar a los empleadores a mantener una fuerza de trabajo legal\\\\u201d, dijo el director de USCIS, <a href=\\\\\\\"https://mundohispanico.com/noticias/inmigracion/revelan-que-el-director-de-uscis-que-borro-nacion-de-inmigrantes-es-hijo-de-una-inmigrante\\\\\\\"><b>Lee Francis Cissna</b></a>.</p><p>\\\\u201cE-Verify.gov ahora permite a los usuarios comprender mejor y navegar a trav\\\\u00e9s del proceso de verificaci\\\\u00f3n de empleo\\\\u201d, agreg\\\\u00f3.</p><p>USCIS insta a verificar nuevas contrataciones</p><p>Los empleadores pueden acceder a E-Verify.gov en cualquier momento y en cualquier lugar directamente desde un navegador web.</p><p>Casi todos los empleados son confirmados como autorizados para trabajar al instante, o en un per\\\\u00edodo m\\\\u00e1ximo de 24 horas.</p><p>El sistema, que cuenta con casi 800,000 empleadores inscritos, compara la informaci\\\\u00f3n del Formulario I-9 de un trabajador con los registros disponibles en el Departamento de Seguridad Nacional (DHS) y la Administraci\\\\u00f3n del Seguro Social, para verificar la autorizaci\\\\u00f3n para trabajar en Estados Unidos.</p><p></p>\\\", \\\"id\\\": \\\"d3442924-54cf-4d41-9309-7f5fd4af6731\\\"}]\", \"tagged_items\": [], \"gallery_images\": []}", "approved_go_live_at": null}}, {"model": "wagtailcore.pagerevision", "pk": 13, "fields": {"page": 4, "submitted_for_moderation": false, "created_at": "2018-04-17T05:50:51.457Z", "user": 1, "content_json": "{\"pk\": 4, \"path\": \"000100010001\", \"depth\": 3, \"numchild\": 2, \"title\": \"PythonPy Blog\", \"draft_title\": \"PythonPy Blog\", \"slug\": \"blog\", \"content_type\": 7, \"live\": true, \"has_unpublished_changes\": false, \"url_path\": \"/home/pythonpy-blog/\", \"owner\": 1, \"seo_title\": \"\", \"show_in_menus\": true, \"search_description\": \"\", \"go_live_at\": null, \"expire_at\": null, \"expired\": false, \"locked\": false, \"first_published_at\": \"2018-04-17T05:30:57.862Z\", \"last_published_at\": \"2018-04-17T05:35:13.879Z\", \"latest_revision_created_at\": \"2018-04-17T05:35:13.816Z\", \"live_revision\": 4, \"intro\": \"<p>Este es el blog</p>\"}", "approved_go_live_at": null}}, {"model": "wagtailcore.pagerevision", "pk": 14, "fields": {"page": 11, "submitted_for_moderation": false, "created_at": "2018-04-17T05:54:01.943Z", "user": 1, "content_json": "{\"pk\": 11, \"path\": \"0001000100040002\", \"depth\": 4, \"numchild\": 0, \"title\": \"Tutorial de Django\", \"draft_title\": \"Tutorial de Django\", \"slug\": \"tutorial-de-django\", \"content_type\": 8, \"live\": true, \"has_unpublished_changes\": false, \"url_path\": \"/home/tutoriales/tutorial-de-django/\", \"owner\": 1, \"seo_title\": \"\", \"show_in_menus\": false, \"search_description\": \"\", \"go_live_at\": null, \"expire_at\": null, \"expired\": false, \"locked\": false, \"first_published_at\": null, \"last_published_at\": null, \"latest_revision_created_at\": null, \"live_revision\": null, \"date\": \"2018-04-17\", \"excerpt\": \"\", \"body\": \"[{\\\"type\\\": \\\"paragraph\\\", \\\"value\\\": \\\"<p><b>Gu\\\\u00eda de instalaci\\\\u00f3n r\\\\u00e1pida</b></p><p>Antes de poder usar Django es necesario instalarlo. Existe una <a href=\\\\\\\"https://docs.djangoproject.com/en/1.8/topics/install\\\\\\\">gu\\\\u00eda de instalaci\\\\u00f3n completa</a> que cubre todas las posibilidades; esta gu\\\\u00eda es simple, cubre una instalaci\\\\u00f3n m\\\\u00ednima que servir\\\\u00e1 mientras se recorre la introducci\\\\u00f3n.</p><h2><b>Instalar Python</b></h2><p>Siendo un framework web escrito en Python, Django requiere Python. Funciona con Python 2.7, 3.2, 3.3, o 3.4. Estas versiones de Python incluyen una base de datos liviana llamada <a href=\\\\\\\"http://sqlite.org/\\\\\\\">SQLite</a>, as\\\\u00ed que no es necesario configurar un motor de base datos inmediatamente.</p><p>Para obtener la \\\\u00faltima versi\\\\u00f3n de Python, ir a <a href=\\\\\\\"https://www.python.org/download/\\\\\\\">https://www.python.org/download/</a> o instalar a trav\\\\u00e9s del administrador de paquetes de tu sistema operativo.</p><p><b>Django en Jython</b></p><p>Si us\\\\u00e1s <a href=\\\\\\\"http://www.jython.org/\\\\\\\">Jython</a> (implementaci\\\\u00f3n de Python para la plataforma Java), es necesario seguir algunas pasos adicionales. Ver detalles en <a href=\\\\\\\"https://docs.djangoproject.com/en/1.8/howto/jython\\\\\\\">/howto/jython</a>.</p><p>Pod\\\\u00e9s verificar que Python est\\\\u00e1 instalado corriendo python en tu shell; deber\\\\u00edas ver algo como:</p><p>Python 3.3.3 (default, Nov 26 2013, 13:33:18)<br/>[GCC 4.8.2] on linux<br/>Type &quot;help&quot;, &quot;copyright&quot;, &quot;credits&quot; or &quot;license&quot; for more information.<br/>&gt;&gt;&gt;<br/></p><h2><b>Configurar una base de datos</b></h2><p>Este paso s\\\\u00f3lo es necesario si quisieras trabajar con un motor de base de datos m\\\\u00e1s \\\\u201cgrande\\\\u201d como PostgreSQL, MySQL u Oracle. Para ello consult\\\\u00e1 la <a href=\\\\\\\"https://docs.djangoproject.com/en/1.8/topics/install/#database-installation\\\\\\\">informaci\\\\u00f3n sobre la instalaci\\\\u00f3n de base de datos</a>.</p><h2><b>Borrar versiones anteriores de Django</b></h2><p>Si est\\\\u00e1s actualizando una versi\\\\u00f3n previa de Django es necesario <a href=\\\\\\\"https://docs.djangoproject.com/en/1.8/topics/install/#removing-old-versions-of-django\\\\\\\">desinstalar la versi\\\\u00f3n anterior antes de instalar una nueva</a>.</p><h2><b>Instalar Django</b></h2><p>Existen tres opciones f\\\\u00e1ciles de instalar Django:</p><ul><li>Instalar una versi\\\\u00f3n de Django <a href=\\\\\\\"https://docs.djangoproject.com/en/1.8/misc/distributions\\\\\\\">provista por tu sistema operativo</a>. Esta es la opci\\\\u00f3n m\\\\u00e1s r\\\\u00e1pida para aquellos que tienen un sistema operativo que distribuye Django.</li><li><a href=\\\\\\\"https://docs.djangoproject.com/en/1.8/topics/install/#installing-official-release\\\\\\\">Instalar un release oficial</a>. Esta es la mejor alternativa para los usuarios qie quieren un n\\\\u00famero de versi\\\\u00f3n estable y que no les preocupa no correr la versi\\\\u00f3n m\\\\u00e1s reciente de Django.</li><li><a href=\\\\\\\"https://docs.djangoproject.com/en/1.8/topics/install/#installing-development-version\\\\\\\">Instalar la \\\\u00faltima versi\\\\u00f3n de desarrollo</a>. Esta es la mejor opci\\\\u00f3n para los usuarios que quieren las caracter\\\\u00edsticas m\\\\u00e1s recientes y que no tienen miedo de correr c\\\\u00f3digo nuevo.</li></ul><p><b>Siempre recurrir a la versi\\\\u00f3n de la documentaci\\\\u00f3n que corresponde a la versi\\\\u00f3n de Django que est\\\\u00e1s usando!</b></p><p>Si segu\\\\u00eds cualquiera de los dos primeros pasos, hay que estar atentos a las partes de la documentaci\\\\u00f3n marcadas como <b>new in development version</b> (nuevo en la versi\\\\u00f3n de desarrollo). Esta frase indica caracter\\\\u00edsticas que est\\\\u00e1n solamente disponibles en la versi\\\\u00f3n de desarrollo de Django, y que muy posibiblemente no funcionen en un release oficial.</p><h2><b>Verificando</b></h2><p>Para verificar que Django es accesible desde Python, tipe\\\\u00e1 python en tu shell. Una vez en el prompt de Python, intent\\\\u00e1 importar Django:</p><p>&gt;&gt;&gt; import django<br/>&gt;&gt;&gt; print(django.get_version())<br/>1.8<br/></p><p>You may have another version of Django installed.</p>\\\", \\\"id\\\": \\\"ce7a153b-6a52-4813-bd04-17a4101cbf7f\\\"}]\", \"tagged_items\": [{\"pk\": 5, \"tag\": 1, \"content_object\": 11}, {\"pk\": 6, \"tag\": 2, \"content_object\": 11}, {\"pk\": 7, \"tag\": 4, \"content_object\": 11}], \"gallery_images\": []}", "approved_go_live_at": null}}, {"model": "wagtailcore.pagerevision", "pk": 15, "fields": {"page": 3, "submitted_for_moderation": false, "created_at": "2018-04-17T05:55:21.004Z", "user": 1, "content_json": "{\"pk\": 3, \"path\": \"00010001\", \"depth\": 2, \"numchild\": 4, \"title\": \"Inicio\", \"draft_title\": \"Home\", \"slug\": \"home\", \"content_type\": 3, \"live\": true, \"has_unpublished_changes\": false, \"url_path\": \"/home/\", \"owner\": null, \"seo_title\": \"\", \"show_in_menus\": true, \"search_description\": \"\", \"go_live_at\": null, \"expire_at\": null, \"expired\": false, \"locked\": false, \"first_published_at\": null, \"last_published_at\": null, \"latest_revision_created_at\": null, \"live_revision\": null, \"body\": \"<p></p>\"}", "approved_go_live_at": null}}, {"model": "wagtailcore.pagerevision", "pk": 16, "fields": {"page": 3, "submitted_for_moderation": false, "created_at": "2018-04-17T05:55:54.589Z", "user": 1, "content_json": "{\"pk\": 3, \"path\": \"00010001\", \"depth\": 2, \"numchild\": 4, \"title\": \"Inicio\", \"draft_title\": \"Inicio\", \"slug\": \"home\", \"content_type\": 3, \"live\": true, \"has_unpublished_changes\": false, \"url_path\": \"/home/\", \"owner\": null, \"seo_title\": \"\", \"show_in_menus\": false, \"search_description\": \"\", \"go_live_at\": null, \"expire_at\": null, \"expired\": false, \"locked\": false, \"first_published_at\": \"2018-04-17T05:55:21.059Z\", \"last_published_at\": \"2018-04-17T05:55:21.059Z\", \"latest_revision_created_at\": \"2018-04-17T05:55:21.004Z\", \"live_revision\": 15, \"body\": \"<p></p>\"}", "approved_go_live_at": null}}, {"model": "wagtailcore.pagerevision", "pk": 17, "fields": {"page": 3, "submitted_for_moderation": false, "created_at": "2018-04-17T05:56:24.628Z", "user": 1, "content_json": "{\"pk\": 3, \"path\": \"00010001\", \"depth\": 2, \"numchild\": 4, \"title\": \"Inicio\", \"draft_title\": \"Inicio\", \"slug\": \"home\", \"content_type\": 3, \"live\": true, \"has_unpublished_changes\": false, \"url_path\": \"/home/\", \"owner\": null, \"seo_title\": \"\", \"show_in_menus\": false, \"search_description\": \"\", \"go_live_at\": null, \"expire_at\": null, \"expired\": false, \"locked\": false, \"first_published_at\": \"2018-04-17T05:55:21.059Z\", \"last_published_at\": \"2018-04-17T05:55:54.622Z\", \"latest_revision_created_at\": \"2018-04-17T05:55:54.589Z\", \"live_revision\": 16, \"body\": \"<p>PythonPy website</p>\"}", "approved_go_live_at": null}}, {"model": "wagtailcore.pagerevision", "pk": 18, "fields": {"page": 4, "submitted_for_moderation": false, "created_at": "2019-09-23T21:22:14.856Z", "user": 1, "content_json": "{\"pk\": 4, \"path\": \"000100010001\", \"depth\": 3, \"numchild\": 2, \"title\": \"Blog\", \"draft_title\": \"PythonPy Blog\", \"slug\": \"blog\", \"content_type\": 7, \"live\": true, \"has_unpublished_changes\": false, \"url_path\": \"/home/blog/\", \"owner\": 1, \"seo_title\": \"Python Paraguay Blog\", \"show_in_menus\": true, \"search_description\": \"\", \"go_live_at\": null, \"expire_at\": null, \"expired\": false, \"locked\": false, \"first_published_at\": \"2018-04-17T05:30:57.862Z\", \"last_published_at\": \"2018-04-17T05:50:51.518Z\", \"latest_revision_created_at\": \"2018-04-17T05:50:51.457Z\", \"live_revision\": 13, \"intro\": \"<p>Este es el blog</p>\"}", "approved_go_live_at": null}}, {"model": "wagtailcore.pagerevision", "pk": 19, "fields": {"page": 12, "submitted_for_moderation": false, "created_at": "2019-09-23T23:00:58.155Z", "user": 1, "content_json": "{\"pk\": 12, \"path\": \"0001000100040003\", \"depth\": 4, \"numchild\": 0, \"title\": \"Instalar Python en Windows\", \"draft_title\": \"Instalar Python en Windows\", \"slug\": \"instalar-python-en-windows\", \"content_type\": 8, \"live\": true, \"has_unpublished_changes\": false, \"url_path\": \"/home/tutoriales/instalar-python-en-windows/\", \"owner\": 1, \"seo_title\": \"\", \"show_in_menus\": false, \"search_description\": \"\", \"go_live_at\": null, \"expire_at\": null, \"expired\": false, \"locked\": false, \"first_published_at\": null, \"last_published_at\": null, \"latest_revision_created_at\": null, \"live_revision\": null, \"date\": \"2019-09-23\", \"excerpt\": \"\", \"body\": \"[{\\\"type\\\": \\\"paragraph\\\", \\\"value\\\": \\\"<p> </p><p>Primero comprueba si tu ordenador ejecuta la versi\\\\u00f3n 32 bits de  Windows o la de 64, en &quot;Tipo de sistema&quot; en la p\\\\u00e1gina de &quot;Acerca de&quot;.  Para llegar a esta p\\\\u00e1gina, intenta uno de estos m\\\\u00e9todos:</p><ul><li>Presiona la tecla de Windows y la tecla Pause/Break al mismo tiempo</li><li>Abre el Panel de Control desde el men\\\\u00fa de Windows, despu\\\\u00e9s accede a Sistema &amp; y Seguridad, luego a Sistema</li><li>Presiona el bot\\\\u00f3n de Windows, luego accede a Configuraci\\\\u00f3n &gt; Sistema &gt; Acerca de</li></ul><p>Puedes descargar Python para Windows desde la siguiente web <a href=\\\\\\\"https://www.python.org/downloads/windows/\\\\\\\">https://www.python.org/downloads/windows/</a>. Clica en el enlace &quot;Latest Python 3 Release -Python x.x.x&quot;. Si tu ordenador ejecuta la versi\\\\u00f3n de <b>64 bits</b> de Windows, descarga <b>Windows x86-64 executable installer</b>. De lo contrario, descarga <b>Windows x86 executable installer</b>. Despu\\\\u00e9s de descargar el instalador, deber\\\\u00edas ejecutarlo (d\\\\u00e1ndole doble click) y seguir las instrucciones.</p><p>Una cosa para tener en cuenta: Durante la instalaci\\\\u00f3n, ver\\\\u00e1s una  ventana de &quot;Setup&quot;. Aseg\\\\u00farate de marcar las casillas &quot;Add Python 3.6 to  PATH&quot; o &quot;Add Python to your environment variables&quot; y hacer click en  &quot;Install Now&quot;, como se muestra aqu\\\\u00ed (puede que se vea un poco diferente  si est\\\\u00e1s instalando una versi\\\\u00f3n diferente):</p><p></p><embed alt=\\\\\\\"python-installation-options.png\\\\\\\" embedtype=\\\\\\\"image\\\\\\\" format=\\\\\\\"fullwidth\\\\\\\" id=\\\\\\\"1\\\\\\\"/><p></p><p>Cuando la instalaci\\\\u00f3n de complete, ver\\\\u00e1s un cuadro de di\\\\u00e1logo con un  enlace que puedes seguir para saber m\\\\u00e1s sobre Python o sobre la versi\\\\u00f3n  que has instalado. Cierra o cancela ese dialogo -- \\\\u00a1Aprender\\\\u00e1s m\\\\u00e1s en  ese tutorial!</p><p>Nota: si est\\\\u00e1s usando una versi\\\\u00f3n anterior de Windows (7, Vista o  cualquier versi\\\\u00f3n anterior) y el instalador de la versi\\\\u00f3n 3.6.x de  Python falla con un error, intenta tambi\\\\u00e9n:</p><ol><li>instalar todas las actualizaciones de Windows e intenta instalar Python de nuevo; o</li><li>instalar una <a href=\\\\\\\"https://www.python.org/downloads/windows/\\\\\\\">versi\\\\u00f3n de Python anterior</a>, por ejemplo, <a href=\\\\\\\"https://www.python.org/downloads/release/python-346/\\\\\\\">3.4.6</a>.</li></ol><p>Si instalas una versi\\\\u00f3n anterior de Python, la pantalla de  instalaci\\\\u00f3n puede ser un poco diferente a la mostrada arriba. Aseg\\\\u00farate  de desplazarte hacia abajo para ver &quot;Add python.exe to Path&quot;, despu\\\\u00e9s  haz click en el bot\\\\u00f3n de la izquierda y selecciona &quot;Will be installed on  local hard drive&quot;:</p><p></p><embed alt=\\\\\\\"add_python_to_windows_path.png\\\\\\\" embedtype=\\\\\\\"image\\\\\\\" format=\\\\\\\"fullwidth\\\\\\\" id=\\\\\\\"2\\\\\\\"/><p></p>\\\", \\\"id\\\": \\\"d7cb0821-b3c0-48ad-b763-b463848be2a0\\\"}]\", \"tagged_items\": [], \"gallery_images\": []}", "approved_go_live_at": null}}, {"model": "wagtailcore.pagerevision", "pk": 20, "fields": {"page": 7, "submitted_for_moderation": false, "created_at": "2019-09-23T23:35:47.647Z", "user": 1, "content_json": "{\"pk\": 7, \"path\": \"000100010002\", \"depth\": 3, \"numchild\": 0, \"title\": \"FAQ\", \"draft_title\": \"FAQ\", \"slug\": \"faq\", \"content_type\": 6, \"live\": true, \"has_unpublished_changes\": false, \"url_path\": \"/home/faq/\", \"owner\": 1, \"seo_title\": \"\", \"show_in_menus\": true, \"search_description\": \"\", \"go_live_at\": null, \"expire_at\": null, \"expired\": false, \"locked\": false, \"first_published_at\": \"2018-04-17T05:39:01.035Z\", \"last_published_at\": \"2018-04-17T05:39:01.035Z\", \"latest_revision_created_at\": \"2018-04-17T05:39:00.997Z\", \"live_revision\": 7, \"body\": \"[{\\\"type\\\": \\\"paragraph\\\", \\\"value\\\": \\\"<h3>Sobre PythonPy (el grupo de Usuarios)</h3><p></p><h4>\\\\u00bfQui\\\\u00e9nes somos?</h4><p>Un grupo de entusiastas de Python,  que decidi\\\\u00f3 aunar esfuerzos para crear una comunidad local como marco  de referencia para la aplicaci\\\\u00f3n, difusi\\\\u00f3n y mejora de este lenguaje.</p><p></p><h4>\\\\u00bfQu\\\\u00e9 hacemos?</h4><p>Organizamos reuniones donde debatimos ideas, mantenemos una ListaDeCorreo  a trav\\\\u00e9s de la cual nos comunicamos, creamos y mantenemos este portal,  el cual pretendemos que tenga contenido \\\\u00fatil tanto para los miembros de PyAr  como para toda aquella persona que se interese por Python.</p><p></p><h4></h4>\\\", \\\"id\\\": \\\"8379b1b4-7f75-4586-a086-ee5e95eb2ecb\\\"}]\"}", "approved_go_live_at": null}}, {"model": "wagtailcore.pagerevision", "pk": 21, "fields": {"page": 6, "submitted_for_moderation": false, "created_at": "2019-09-23T23:36:14.506Z", "user": 1, "content_json": "{\"pk\": 6, \"path\": \"000100010003\", \"depth\": 3, \"numchild\": 0, \"title\": \"Acerca de\", \"draft_title\": \"Acerca de\", \"slug\": \"acerca-de\", \"content_type\": 6, \"live\": true, \"has_unpublished_changes\": false, \"url_path\": \"/home/acerca-de/\", \"owner\": 1, \"seo_title\": \"\", \"show_in_menus\": true, \"search_description\": \"\", \"go_live_at\": null, \"expire_at\": null, \"expired\": false, \"locked\": false, \"first_published_at\": \"2018-04-17T05:36:50.430Z\", \"last_published_at\": \"2018-04-17T05:36:50.430Z\", \"latest_revision_created_at\": \"2018-04-17T05:36:50.375Z\", \"live_revision\": 6, \"body\": \"[{\\\"type\\\": \\\"heading\\\", \\\"value\\\": \\\"Quienes somos?\\\", \\\"id\\\": \\\"f2de690c-5992-4593-8a03-85855e226abc\\\"}, {\\\"type\\\": \\\"paragraph\\\", \\\"value\\\": \\\"<p>Python Paraguay es un lugar donde podemos compartir todo lo relacionado a  este lenguaje de Programacion y estar al tanto de todo lo que acontece a  nivel nacional y todo el mundo, pero sobre todo, buscamos guiar en los  primeros pasos a aquellas personas que quisieran iniciarse en Python.<br/></p><p>La idea es nuclear a los programadores Python y entusiastas del lenguaje en todo Paraguay.<br/></p><p>Bienvenido a la comunidad!<br/></p><p>Tambi\\\\u00e9n pod\\\\u00e9s unirte al grupo de Telegram en <a href=\\\\\\\"http://bit.ly/TelegramPy\\\\\\\">http://bit.ly/TelegramPy</a> o suscribirte a la lista de correos en <a href=\\\\\\\"https://groups.google.com/group/python-paraguay\\\\\\\">https://groups.google.com/group/python-paraguay</a><br/></p><p>Social links<br/></p><p>Twitter: @PythonParaguay (<a href=\\\\\\\"https://twitter.com/PythonParaguay\\\\\\\">https://twitter.com/PythonParaguay</a>)<br/></p><p>Facebook: <a href=\\\\\\\"https://www.facebook.com/PythonParaguay/\\\\\\\">https://www.facebook.com/PythonParaguay/</a></p>\\\", \\\"id\\\": \\\"ea2964c3-cb57-413a-8fcf-8ca6f5a1520b\\\"}]\"}", "approved_go_live_at": null}}, {"model": "wagtailcore.page", "pk": 1, "fields": {"path": "0001", "depth": 1, "numchild": 1, "title": "Root", "draft_title": "Root", "slug": "root", "content_type": 1, "live": true, "has_unpublished_changes": false, "url_path": "/", "owner": null, "seo_title": "", "show_in_menus": false, "search_description": "", "go_live_at": null, "expire_at": null, "expired": false, "locked": false, "first_published_at": null, "last_published_at": null, "latest_revision_created_at": null, "live_revision": null}}, {"model": "wagtailcore.page", "pk": 3, "fields": {"path": "00010001", "depth": 2, "numchild": 4, "title": "Inicio", "draft_title": "Inicio", "slug": "home", "content_type": 3, "live": true, "has_unpublished_changes": false, "url_path": "/home/", "owner": null, "seo_title": "", "show_in_menus": false, "search_description": "", "go_live_at": null, "expire_at": null, "expired": false, "locked": false, "first_published_at": "2018-04-17T05:55:21.059Z", "last_published_at": "2018-04-17T05:56:24.690Z", "latest_revision_created_at": "2018-04-17T05:56:24.628Z", "live_revision": 17}}, {"model": "wagtailcore.page", "pk": 4, "fields": {"path": "000100010001", "depth": 3, "numchild": 2, "title": "Blog", "draft_title": "Blog", "slug": "blog", "content_type": 7, "live": true, "has_unpublished_changes": false, "url_path": "/home/blog/", "owner": 1, "seo_title": "Python Paraguay Blog", "show_in_menus": true, "search_description": "", "go_live_at": null, "expire_at": null, "expired": false, "locked": false, "first_published_at": "2018-04-17T05:30:57.862Z", "last_published_at": "2019-09-23T21:22:14.902Z", "latest_revision_created_at": "2019-09-23T21:22:14.856Z", "live_revision": 18}}, {"model": "wagtailcore.page", "pk": 5, "fields": {"path": "0001000100010001", "depth": 4, "numchild": 0, "title": "Post 1 blbablabla", "draft_title": "Post 1 blbablabla", "slug": "post-1-tutorial-bla-bkla", "content_type": 8, "live": true, "has_unpublished_changes": false, "url_path": "/home/blog/post-1-tutorial-bla-bkla/", "owner": 1, "seo_title": "", "show_in_menus": false, "search_description": "", "go_live_at": null, "expire_at": null, "expired": false, "locked": false, "first_published_at": "2018-04-17T05:34:49.733Z", "last_published_at": "2018-04-17T05:43:08.863Z", "latest_revision_created_at": "2018-04-17T05:43:08.792Z", "live_revision": 10}}, {"model": "wagtailcore.page", "pk": 6, "fields": {"path": "000100010003", "depth": 3, "numchild": 0, "title": "Acerca de", "draft_title": "Acerca de", "slug": "acerca-de", "content_type": 6, "live": true, "has_unpublished_changes": false, "url_path": "/home/acerca-de/", "owner": 1, "seo_title": "", "show_in_menus": true, "search_description": "", "go_live_at": null, "expire_at": null, "expired": false, "locked": false, "first_published_at": "2018-04-17T05:36:50.430Z", "last_published_at": "2019-09-23T23:36:14.556Z", "latest_revision_created_at": "2019-09-23T23:36:14.506Z", "live_revision": 21}}, {"model": "wagtailcore.page", "pk": 7, "fields": {"path": "000100010002", "depth": 3, "numchild": 0, "title": "FAQ", "draft_title": "FAQ", "slug": "faq", "content_type": 6, "live": true, "has_unpublished_changes": false, "url_path": "/home/faq/", "owner": 1, "seo_title": "", "show_in_menus": true, "search_description": "", "go_live_at": null, "expire_at": null, "expired": false, "locked": false, "first_published_at": "2018-04-17T05:39:01.035Z", "last_published_at": "2019-09-23T23:35:47.703Z", "latest_revision_created_at": "2019-09-23T23:35:47.647Z", "live_revision": 20}}, {"model": "wagtailcore.page", "pk": 8, "fields": {"path": "000100010004", "depth": 3, "numchild": 2, "title": "Tutoriales", "draft_title": "Tutoriales", "slug": "tutoriales", "content_type": 7, "live": true, "has_unpublished_changes": false, "url_path": "/home/tutoriales/", "owner": 1, "seo_title": "", "show_in_menus": true, "search_description": "", "go_live_at": null, "expire_at": null, "expired": false, "locked": false, "first_published_at": "2018-04-17T05:40:50.387Z", "last_published_at": "2018-04-17T05:40:50.387Z", "latest_revision_created_at": "2018-04-17T05:40:50.347Z", "live_revision": 8}}, {"model": "wagtailcore.page", "pk": 10, "fields": {"path": "0001000100010002", "depth": 4, "numchild": 0, "title": "Lanzamiento de la Web de Python Py", "draft_title": "Lanzamiento de la Web de Python Py", "slug": "lanzamiento-de-la-web-de-python-py", "content_type": 8, "live": true, "has_unpublished_changes": false, "url_path": "/home/blog/lanzamiento-de-la-web-de-python-py/", "owner": 1, "seo_title": "", "show_in_menus": false, "search_description": "", "go_live_at": null, "expire_at": null, "expired": false, "locked": false, "first_published_at": "2018-04-17T05:44:33.366Z", "last_published_at": "2018-04-17T05:45:31.156Z", "latest_revision_created_at": "2018-04-17T05:45:31.092Z", "live_revision": 12}}, {"model": "wagtailcore.page", "pk": 11, "fields": {"path": "0001000100040002", "depth": 4, "numchild": 0, "title": "Tutorial de Django", "draft_title": "Tutorial de Django", "slug": "tutorial-de-django", "content_type": 8, "live": true, "has_unpublished_changes": false, "url_path": "/home/tutoriales/tutorial-de-django/", "owner": 1, "seo_title": "", "show_in_menus": false, "search_description": "", "go_live_at": null, "expire_at": null, "expired": false, "locked": false, "first_published_at": "2018-04-17T05:54:01.997Z", "last_published_at": "2018-04-17T05:54:01.997Z", "latest_revision_created_at": "2018-04-17T05:54:01.943Z", "live_revision": 14}}, {"model": "wagtailcore.page", "pk": 12, "fields": {"path": "0001000100040003", "depth": 4, "numchild": 0, "title": "Instalar Python en Windows", "draft_title": "Instalar Python en Windows", "slug": "instalar-python-en-windows", "content_type": 8, "live": true, "has_unpublished_changes": false, "url_path": "/home/tutoriales/instalar-python-en-windows/", "owner": 1, "seo_title": "", "show_in_menus": false, "search_description": "", "go_live_at": null, "expire_at": null, "expired": false, "locked": false, "first_published_at": "2019-09-23T23:00:58.196Z", "last_published_at": "2019-09-23T23:00:58.196Z", "latest_revision_created_at": "2019-09-23T23:00:58.155Z", "live_revision": 19}}, {"model": "wagtailimages.image", "pk": 1, "fields": {"collection": 1, "title": "python-installation-options.png", "file": "original_images/python-installation-options.png", "width": 650, "height": 408, "created_at": "2019-09-23T22:59:21.092Z", "uploaded_by_user": 1, "focal_point_x": null, "focal_point_y": null, "focal_point_width": null, "focal_point_height": null, "file_size": 40064, "file_hash": "a220d7ab73e82d05029f7a2bff28ab8ee3235e95"}}, {"model": "wagtailimages.image", "pk": 2, "fields": {"collection": 1, "title": "add_python_to_windows_path.png", "file": "original_images/add_python_to_windows_path.png", "width": 617, "height": 450, "created_at": "2019-09-23T23:00:51.250Z", "uploaded_by_user": 1, "focal_point_x": null, "focal_point_y": null, "focal_point_width": null, "focal_point_height": null, "file_size": 39028, "file_hash": "7f5d485ec7b61b8324f0ecd69c9d937f9b0bd985"}}, {"model": "blog.blogpage", "pk": 5, "fields": {"date": "2018-04-17", "excerpt": "resumen del post", "body": "[{\"type\": \"heading\", \"value\": \"Encabezado bla\", \"id\": \"717ac0cd-658b-4728-b589-725d80c1bcfd\"}, {\"type\": \"paragraph\", \"value\": \"<p>Este<b> es un</b> <i>parrafo</i></p>\", \"id\": \"b5d19b48-7453-45d2-a9e8-025a02fee6e2\"}, {\"type\": \"image\", \"value\": 1, \"id\": \"ad4d39aa-dd4b-4fb0-800d-3810b8bff193\"}, {\"type\": \"two_columns\", \"value\": {\"left_column\": [{\"type\": \"paragraph\", \"value\": \"<p>Columna 1</p><p>Do you see any Teletubbies in here? Do you see a slender plastic tag clipped to my shirt with my name printed on it? Do you see a little Asian child with a blank expression on his face sitting outside on a mechanical helicopter that shakes when you put quarters in it? No? Well, that&#x27;s what you see at a toy store. And you must think you&#x27;re in a toy store, because you&#x27;re here shopping for an infant named Jeb.</p>\", \"id\": \"5b8ddbd1-8966-4e4c-86d7-6ddcb8939008\"}], \"right_column\": [{\"type\": \"paragraph\", \"value\": \"<p>Columna2</p><p>Now that there is the Tec-9, a crappy spray gun from South Miami. This gun is advertised as the most popular gun in American crime. Do you believe that shit? It actually says that in the little book that comes with it: the most popular gun in American crime. Like they&#x27;re actually proud of that shit.</p><p></p>\", \"id\": \"91180dce-b8e9-4d34-9bb6-ff5d482fb859\"}]}, \"id\": \"7d370740-2aee-4044-a68d-09212f071107\"}, {\"type\": \"thumbnail\", \"value\": {\"image\": 2, \"url\": \"http://google.com\", \"media_type\": \"image\", \"text\": \"no se\"}, \"id\": \"c64141f0-5cee-424d-8060-d081eb644a57\"}]"}}, {"model": "blog.blogpage", "pk": 10, "fields": {"date": "2018-04-17", "excerpt": "", "body": "[{\"type\": \"paragraph\", \"value\": \"<p>El <a href=\\\"http://mundohispanico.com/noticias/el-uscis-busca-impedir-que-empleados-sean-piadosos-al-evaluar-solicitudes-migratorias\\\"><b>Departamento de Ciudadan\\u00eda e Inmigraci\\u00f3n de Estados Unidos</b></a> (USCIS, por sus siglas en ingl\\u00e9s) anunci\\u00f3 el lanzamiento de una nueva herramienta para verificar la elegibilidad laboral.</p><p>A trav\\u00e9s del nuevo sitio web <a href=\\\"https://www.e-verify.gov/\\\">E-Verify.gov</a>, empleadores, trabajadores y p\\u00fablico en general podr\\u00e1n obtener gratuitamente informaci\\u00f3n electr\\u00f3nica sobre la elegibilidad de empleo.</p><p><b>Just launched! Employers and employees, check out the new</b> <a href=\\\"https://t.co/K4TTzYDNPw\\\"><b>https://t.co/K4TTzYDNPw</b></a> <b>website for tools and services.</b> <a href=\\\"https://t.co/iq2ckY3Gh6\\\"><b>pic.twitter.com/iq2ckY3Gh6</b></a><br/><b>\\u2014 USCIS (@USCIS)</b> <a href=\\\"https://twitter.com/USCIS/status/983697618323861504?ref_src=twsrc%5Etfw\\\"><b>April 10, 2018</b></a></p><p>El portal proporciona informaci\\u00f3n sobre el Formulario I-9, Verificaci\\u00f3n de Elegibilidad de Empleo, que incluye los derechos de los <a href=\\\"http://mundohispanico.com/dinero/por-que-estan-exigiendo-trabajadores-mexicanos-en-el-campo-estadounidense-esta-es-la-razon-video\\\"><b>trabajadores</b></a> y las responsabilidades del empleador en el proceso de verificaci\\u00f3n de empleo.</p><p>E-Verify.gov permitir\\u00e1 a los empleadores inscribirse directamente en el sistema de verificaci\\u00f3n.</p><p>\\u201cDurante la \\u00faltima d\\u00e9cada, E-Verify ha sido la piedra angular de nuestro compromiso continuo para ayudar a los empleadores a mantener una fuerza de trabajo legal\\u201d, dijo el director de USCIS, <a href=\\\"https://mundohispanico.com/noticias/inmigracion/revelan-que-el-director-de-uscis-que-borro-nacion-de-inmigrantes-es-hijo-de-una-inmigrante\\\"><b>Lee Francis Cissna</b></a>.</p><p>\\u201cE-Verify.gov ahora permite a los usuarios comprender mejor y navegar a trav\\u00e9s del proceso de verificaci\\u00f3n de empleo\\u201d, agreg\\u00f3.</p><p>USCIS insta a verificar nuevas contrataciones</p><p>Los empleadores pueden acceder a E-Verify.gov en cualquier momento y en cualquier lugar directamente desde un navegador web.</p><p>Casi todos los empleados son confirmados como autorizados para trabajar al instante, o en un per\\u00edodo m\\u00e1ximo de 24 horas.</p><p>El sistema, que cuenta con casi 800,000 empleadores inscritos, compara la informaci\\u00f3n del Formulario I-9 de un trabajador con los registros disponibles en el Departamento de Seguridad Nacional (DHS) y la Administraci\\u00f3n del Seguro Social, para verificar la autorizaci\\u00f3n para trabajar en Estados Unidos.</p><p></p>\", \"id\": \"d3442924-54cf-4d41-9309-7f5fd4af6731\"}]"}}, {"model": "blog.blogpage", "pk": 11, "fields": {"date": "2018-04-17", "excerpt": "", "body": "[{\"type\": \"paragraph\", \"value\": \"<p><b>Gu\\u00eda de instalaci\\u00f3n r\\u00e1pida</b></p><p>Antes de poder usar Django es necesario instalarlo. Existe una <a href=\\\"https://docs.djangoproject.com/en/1.8/topics/install\\\">gu\\u00eda de instalaci\\u00f3n completa</a> que cubre todas las posibilidades; esta gu\\u00eda es simple, cubre una instalaci\\u00f3n m\\u00ednima que servir\\u00e1 mientras se recorre la introducci\\u00f3n.</p><h2><b>Instalar Python</b></h2><p>Siendo un framework web escrito en Python, Django requiere Python. Funciona con Python 2.7, 3.2, 3.3, o 3.4. Estas versiones de Python incluyen una base de datos liviana llamada <a href=\\\"http://sqlite.org/\\\">SQLite</a>, as\\u00ed que no es necesario configurar un motor de base datos inmediatamente.</p><p>Para obtener la \\u00faltima versi\\u00f3n de Python, ir a <a href=\\\"https://www.python.org/download/\\\">https://www.python.org/download/</a> o instalar a trav\\u00e9s del administrador de paquetes de tu sistema operativo.</p><p><b>Django en Jython</b></p><p>Si us\\u00e1s <a href=\\\"http://www.jython.org/\\\">Jython</a> (implementaci\\u00f3n de Python para la plataforma Java), es necesario seguir algunas pasos adicionales. Ver detalles en <a href=\\\"https://docs.djangoproject.com/en/1.8/howto/jython\\\">/howto/jython</a>.</p><p>Pod\\u00e9s verificar que Python est\\u00e1 instalado corriendo python en tu shell; deber\\u00edas ver algo como:</p><p>Python 3.3.3 (default, Nov 26 2013, 13:33:18)<br/>[GCC 4.8.2] on linux<br/>Type &quot;help&quot;, &quot;copyright&quot;, &quot;credits&quot; or &quot;license&quot; for more information.<br/>&gt;&gt;&gt;<br/></p><h2><b>Configurar una base de datos</b></h2><p>Este paso s\\u00f3lo es necesario si quisieras trabajar con un motor de base de datos m\\u00e1s \\u201cgrande\\u201d como PostgreSQL, MySQL u Oracle. Para ello consult\\u00e1 la <a href=\\\"https://docs.djangoproject.com/en/1.8/topics/install/#database-installation\\\">informaci\\u00f3n sobre la instalaci\\u00f3n de base de datos</a>.</p><h2><b>Borrar versiones anteriores de Django</b></h2><p>Si est\\u00e1s actualizando una versi\\u00f3n previa de Django es necesario <a href=\\\"https://docs.djangoproject.com/en/1.8/topics/install/#removing-old-versions-of-django\\\">desinstalar la versi\\u00f3n anterior antes de instalar una nueva</a>.</p><h2><b>Instalar Django</b></h2><p>Existen tres opciones f\\u00e1ciles de instalar Django:</p><ul><li>Instalar una versi\\u00f3n de Django <a href=\\\"https://docs.djangoproject.com/en/1.8/misc/distributions\\\">provista por tu sistema operativo</a>. Esta es la opci\\u00f3n m\\u00e1s r\\u00e1pida para aquellos que tienen un sistema operativo que distribuye Django.</li><li><a href=\\\"https://docs.djangoproject.com/en/1.8/topics/install/#installing-official-release\\\">Instalar un release oficial</a>. Esta es la mejor alternativa para los usuarios qie quieren un n\\u00famero de versi\\u00f3n estable y que no les preocupa no correr la versi\\u00f3n m\\u00e1s reciente de Django.</li><li><a href=\\\"https://docs.djangoproject.com/en/1.8/topics/install/#installing-development-version\\\">Instalar la \\u00faltima versi\\u00f3n de desarrollo</a>. Esta es la mejor opci\\u00f3n para los usuarios que quieren las caracter\\u00edsticas m\\u00e1s recientes y que no tienen miedo de correr c\\u00f3digo nuevo.</li></ul><p><b>Siempre recurrir a la versi\\u00f3n de la documentaci\\u00f3n que corresponde a la versi\\u00f3n de Django que est\\u00e1s usando!</b></p><p>Si segu\\u00eds cualquiera de los dos primeros pasos, hay que estar atentos a las partes de la documentaci\\u00f3n marcadas como <b>new in development version</b> (nuevo en la versi\\u00f3n de desarrollo). Esta frase indica caracter\\u00edsticas que est\\u00e1n solamente disponibles en la versi\\u00f3n de desarrollo de Django, y que muy posibiblemente no funcionen en un release oficial.</p><h2><b>Verificando</b></h2><p>Para verificar que Django es accesible desde Python, tipe\\u00e1 python en tu shell. Una vez en el prompt de Python, intent\\u00e1 importar Django:</p><p>&gt;&gt;&gt; import django<br/>&gt;&gt;&gt; print(django.get_version())<br/>1.8<br/></p><p>You may have another version of Django installed.</p>\", \"id\": \"ce7a153b-6a52-4813-bd04-17a4101cbf7f\"}]"}}, {"model": "blog.blogpage", "pk": 12, "fields": {"date": "2019-09-23", "excerpt": "", "body": "[{\"type\": \"paragraph\", \"value\": \"<p> </p><p>Primero comprueba si tu ordenador ejecuta la versi\\u00f3n 32 bits de  Windows o la de 64, en &quot;Tipo de sistema&quot; en la p\\u00e1gina de &quot;Acerca de&quot;.  Para llegar a esta p\\u00e1gina, intenta uno de estos m\\u00e9todos:</p><ul><li>Presiona la tecla de Windows y la tecla Pause/Break al mismo tiempo</li><li>Abre el Panel de Control desde el men\\u00fa de Windows, despu\\u00e9s accede a Sistema &amp; y Seguridad, luego a Sistema</li><li>Presiona el bot\\u00f3n de Windows, luego accede a Configuraci\\u00f3n &gt; Sistema &gt; Acerca de</li></ul><p>Puedes descargar Python para Windows desde la siguiente web <a href=\\\"https://www.python.org/downloads/windows/\\\">https://www.python.org/downloads/windows/</a>. Clica en el enlace &quot;Latest Python 3 Release -Python x.x.x&quot;. Si tu ordenador ejecuta la versi\\u00f3n de <b>64 bits</b> de Windows, descarga <b>Windows x86-64 executable installer</b>. De lo contrario, descarga <b>Windows x86 executable installer</b>. Despu\\u00e9s de descargar el instalador, deber\\u00edas ejecutarlo (d\\u00e1ndole doble click) y seguir las instrucciones.</p><p>Una cosa para tener en cuenta: Durante la instalaci\\u00f3n, ver\\u00e1s una  ventana de &quot;Setup&quot;. Aseg\\u00farate de marcar las casillas &quot;Add Python 3.6 to  PATH&quot; o &quot;Add Python to your environment variables&quot; y hacer click en  &quot;Install Now&quot;, como se muestra aqu\\u00ed (puede que se vea un poco diferente  si est\\u00e1s instalando una versi\\u00f3n diferente):</p><p></p><embed alt=\\\"python-installation-options.png\\\" embedtype=\\\"image\\\" format=\\\"fullwidth\\\" id=\\\"1\\\"/><p></p><p>Cuando la instalaci\\u00f3n de complete, ver\\u00e1s un cuadro de di\\u00e1logo con un  enlace que puedes seguir para saber m\\u00e1s sobre Python o sobre la versi\\u00f3n  que has instalado. Cierra o cancela ese dialogo -- \\u00a1Aprender\\u00e1s m\\u00e1s en  ese tutorial!</p><p>Nota: si est\\u00e1s usando una versi\\u00f3n anterior de Windows (7, Vista o  cualquier versi\\u00f3n anterior) y el instalador de la versi\\u00f3n 3.6.x de  Python falla con un error, intenta tambi\\u00e9n:</p><ol><li>instalar todas las actualizaciones de Windows e intenta instalar Python de nuevo; o</li><li>instalar una <a href=\\\"https://www.python.org/downloads/windows/\\\">versi\\u00f3n de Python anterior</a>, por ejemplo, <a href=\\\"https://www.python.org/downloads/release/python-346/\\\">3.4.6</a>.</li></ol><p>Si instalas una versi\\u00f3n anterior de Python, la pantalla de  instalaci\\u00f3n puede ser un poco diferente a la mostrada arriba. Aseg\\u00farate  de desplazarte hacia abajo para ver &quot;Add python.exe to Path&quot;, despu\\u00e9s  haz click en el bot\\u00f3n de la izquierda y selecciona &quot;Will be installed on  local hard drive&quot;:</p><p></p><embed alt=\\\"add_python_to_windows_path.png\\\" embedtype=\\\"image\\\" format=\\\"fullwidth\\\" id=\\\"2\\\"/><p></p>\", \"id\": \"d7cb0821-b3c0-48ad-b763-b463848be2a0\"}]"}}, {"model": "blog.blogindexpage", "pk": 4, "fields": {"intro": "<p>Este es el blog</p>"}}, {"model": "blog.blogindexpage", "pk": 8, "fields": {"intro": "<p></p>"}}, {"model": "home.defaultpage", "pk": 6, "fields": {"body": "[{\"type\": \"heading\", \"value\": \"Quienes somos?\", \"id\": \"f2de690c-5992-4593-8a03-85855e226abc\"}, {\"type\": \"paragraph\", \"value\": \"<p>Python Paraguay es un lugar donde podemos compartir todo lo relacionado a  este lenguaje de Programacion y estar al tanto de todo lo que acontece a  nivel nacional y todo el mundo, pero sobre todo, buscamos guiar en los  primeros pasos a aquellas personas que quisieran iniciarse en Python.<br/></p><p>La idea es nuclear a los programadores Python y entusiastas del lenguaje en todo Paraguay.<br/></p><p>Bienvenido a la comunidad!<br/></p><p>Tambi\\u00e9n pod\\u00e9s unirte al grupo de Telegram en <a href=\\\"http://bit.ly/TelegramPy\\\">http://bit.ly/TelegramPy</a> o suscribirte a la lista de correos en <a href=\\\"https://groups.google.com/group/python-paraguay\\\">https://groups.google.com/group/python-paraguay</a><br/></p><p>Social links<br/></p><p>Twitter: @PythonParaguay (<a href=\\\"https://twitter.com/PythonParaguay\\\">https://twitter.com/PythonParaguay</a>)<br/></p><p>Facebook: <a href=\\\"https://www.facebook.com/PythonParaguay/\\\">https://www.facebook.com/PythonParaguay/</a></p>\", \"id\": \"ea2964c3-cb57-413a-8fcf-8ca6f5a1520b\"}]"}}, {"model": "home.defaultpage", "pk": 7, "fields": {"body": "[{\"type\": \"paragraph\", \"value\": \"<h3>Sobre PythonPy (el grupo de Usuarios)</h3><p></p><h4>\\u00bfQui\\u00e9nes somos?</h4><p>Un grupo de entusiastas de Python,  que decidi\\u00f3 aunar esfuerzos para crear una comunidad local como marco  de referencia para la aplicaci\\u00f3n, difusi\\u00f3n y mejora de este lenguaje.</p><p></p><h4>\\u00bfQu\\u00e9 hacemos?</h4><p>Organizamos reuniones donde debatimos ideas, mantenemos una ListaDeCorreo  a trav\\u00e9s de la cual nos comunicamos, creamos y mantenemos este portal,  el cual pretendemos que tenga contenido \\u00fatil tanto para los miembros de PyAr  como para toda aquella persona que se interese por Python.</p><p></p><h4></h4>\", \"id\": \"8379b1b4-7f75-4586-a086-ee5e95eb2ecb\"}]"}}, {"model": "home.homepage", "pk": 3, "fields": {"body": "<p>PythonPy website</p>"}}]