[{"model": "blog.blogpagetag", "pk": 7, "fields": {"tag": 3, "content_object": 6}}, {"model": "wagtailimages.rendition", "pk": 1, "fields": {"filter_spec": "max-165x165", "file": "images/Docker_logo.max-165x165.png", "width": 165, "height": 138, "focal_point_key": "", "image": 1}}, {"model": "wagtailimages.rendition", "pk": 2, "fields": {"filter_spec": "original", "file": "images/Docker_logo.original.png", "width": 1000, "height": 839, "focal_point_key": "", "image": 1}}, {"model": "wagtailimages.rendition", "pk": 3, "fields": {"filter_spec": "max-800x600", "file": "images/Docker_logo.max-800x600.png", "width": 715, "height": 600, "focal_point_key": "", "image": 1}}, {"model": "wagtailimages.rendition", "pk": 4, "fields": {"filter_spec": "max-800x600", "file": "images/logo3.max-800x600.png", "width": 478, "height": 149, "focal_point_key": "", "image": 2}}, {"model": "wagtailimages.rendition", "pk": 5, "fields": {"filter_spec": "width-500", "file": "images/logo3.width-500.png", "width": 478, "height": 149, "focal_point_key": "", "image": 2}}, {"model": "wagtailimages.rendition", "pk": 6, "fields": {"filter_spec": "max-165x165", "file": "images/logo3.max-165x165.png", "width": 165, "height": 51, "focal_point_key": "", "image": 2}}, {"model": "wagtailimages.rendition", "pk": 7, "fields": {"filter_spec": "max-165x165", "file": "images/logoiso.max-165x165.png", "width": 165, "height": 165, "focal_point_key": "", "image": 3}}, {"model": "wagtailimages.rendition", "pk": 8, "fields": {"filter_spec": "width-900", "file": "images/logoiso.width-900.png", "width": 745, "height": 745, "focal_point_key": "", "image": 3}}, {"model": "wagtailcore.site", "pk": 2, "fields": {"hostname": "localhost", "port": 80, "site_name": "Python Paraguay", "root_page": 3, "is_default_site": true}}, {"model": "wagtailcore.collection", "pk": 1, "fields": {"path": "0001", "depth": 1, "numchild": 0, "name": "Root"}}, {"model": "taggit.tag", "pk": 1, "fields": {"name": "sdfdf", "slug": "sdfdf"}}, {"model": "taggit.tag", "pk": 2, "fields": {"name": "dsfsdf", "slug": "dsfsdf"}}, {"model": "taggit.tag", "pk": 3, "fields": {"name": "tag1", "slug": "tag1"}}, {"model": "contenttypes.contenttype", "pk": 1, "fields": {"app_label": "wagtailcore", "model": "page"}}, {"model": "contenttypes.contenttype", "pk": 2, "fields": {"app_label": "wagtailimages", "model": "image"}}, {"model": "contenttypes.contenttype", "pk": 3, "fields": {"app_label": "home", "model": "homepage"}}, {"model": "contenttypes.contenttype", "pk": 4, "fields": {"app_label": "wagtailadmin", "model": "admin"}}, {"model": "contenttypes.contenttype", "pk": 5, "fields": {"app_label": "wagtaildocs", "model": "document"}}, {"model": "contenttypes.contenttype", "pk": 6, "fields": {"app_label": "blog", "model": "blogindexpage"}}, {"model": "contenttypes.contenttype", "pk": 7, "fields": {"app_label": "blog", "model": "blogpage"}}, {"model": "contenttypes.contenttype", "pk": 8, "fields": {"app_label": "blog", "model": "blogpagegalleryimage"}}, {"model": "contenttypes.contenttype", "pk": 9, "fields": {"app_label": "blog", "model": "blogpagetag"}}, {"model": "contenttypes.contenttype", "pk": 10, "fields": {"app_label": "blog", "model": "blogtagindexpage"}}, {"model": "contenttypes.contenttype", "pk": 11, "fields": {"app_label": "wagtailforms", "model": "formsubmission"}}, {"model": "contenttypes.contenttype", "pk": 12, "fields": {"app_label": "wagtailredirects", "model": "redirect"}}, {"model": "contenttypes.contenttype", "pk": 13, "fields": {"app_label": "wagtailembeds", "model": "embed"}}, {"model": "contenttypes.contenttype", "pk": 14, "fields": {"app_label": "wagtailusers", "model": "userprofile"}}, {"model": "contenttypes.contenttype", "pk": 15, "fields": {"app_label": "wagtailimages", "model": "rendition"}}, {"model": "contenttypes.contenttype", "pk": 16, "fields": {"app_label": "wagtailsearch", "model": "query"}}, {"model": "contenttypes.contenttype", "pk": 17, "fields": {"app_label": "wagtailsearch", "model": "querydailyhits"}}, {"model": "contenttypes.contenttype", "pk": 18, "fields": {"app_label": "wagtailcore", "model": "grouppagepermission"}}, {"model": "contenttypes.contenttype", "pk": 19, "fields": {"app_label": "wagtailcore", "model": "pagerevision"}}, {"model": "contenttypes.contenttype", "pk": 20, "fields": {"app_label": "wagtailcore", "model": "pageviewrestriction"}}, {"model": "contenttypes.contenttype", "pk": 21, "fields": {"app_label": "wagtailcore", "model": "site"}}, {"model": "contenttypes.contenttype", "pk": 22, "fields": {"app_label": "wagtailcore", "model": "collection"}}, {"model": "contenttypes.contenttype", "pk": 23, "fields": {"app_label": "wagtailcore", "model": "groupcollectionpermission"}}, {"model": "contenttypes.contenttype", "pk": 24, "fields": {"app_label": "wagtailcore", "model": "collectionviewrestriction"}}, {"model": "contenttypes.contenttype", "pk": 25, "fields": {"app_label": "taggit", "model": "tag"}}, {"model": "contenttypes.contenttype", "pk": 26, "fields": {"app_label": "taggit", "model": "taggeditem"}}, {"model": "contenttypes.contenttype", "pk": 27, "fields": {"app_label": "admin", "model": "logentry"}}, {"model": "contenttypes.contenttype", "pk": 28, "fields": {"app_label": "auth", "model": "permission"}}, {"model": "contenttypes.contenttype", "pk": 29, "fields": {"app_label": "auth", "model": "group"}}, {"model": "contenttypes.contenttype", "pk": 30, "fields": {"app_label": "auth", "model": "user"}}, {"model": "contenttypes.contenttype", "pk": 31, "fields": {"app_label": "contenttypes", "model": "contenttype"}}, {"model": "contenttypes.contenttype", "pk": 32, "fields": {"app_label": "sessions", "model": "session"}}, {"model": "contenttypes.contenttype", "pk": 33, "fields": {"app_label": "home", "model": "defaultpage"}}, {"model": "sessions.session", "pk": "jd5x39a543unmx4whf1bf8szghz9xinb", "fields": {"session_data": "MzZlZjdiNmU4ZjRiMWNiZmU0YzRmMGRkOThhNzNhMjUzMGQ1M2VhZDp7Il9hdXRoX3VzZXJfaWQiOiIxIiwiX2F1dGhfdXNlcl9iYWNrZW5kIjoiZGphbmdvLmNvbnRyaWIuYXV0aC5iYWNrZW5kcy5Nb2RlbEJhY2tlbmQiLCJfYXV0aF91c2VyX2hhc2giOiIzNmQ1YmY2MWRjNGIyYzcxNWVkNThjMGQ2NjU1YzY0ZDY5NGM5ZjAyIiwid2FndGFpbC1wcmV2aWV3LTQiOlsiY3NyZm1pZGRsZXdhcmV0b2tlbj1uaTlDeHJocEVkYnVlTnFxZ2pNNmhKbjFRd21RbVp2OEZnZmxUMkNQNlN4Y3RWdWxhRmtkSTV6RGNzeDRYTVVIJm5leHQ9JnRpdGxlPUJsb2cmaW50cm89JTdCJTBEJTBBKysrKyUyMmJsb2NrcyUyMiUzQSslNUIlMEQlMEErKysrKysrKyU3QiUwRCUwQSsrKysrKysrKysrKyUyMmtleSUyMiUzQSslMjIwNTFsdCUyMiUyQyUwRCUwQSsrKysrKysrKysrKyUyMnR5cGUlMjIlM0ErJTIydW5zdHlsZWQlMjIlMkMlMEQlMEErKysrKysrKysrKyslMjJkZXB0aCUyMiUzQSswJTJDJTBEJTBBKysrKysrKysrKysrJTIydGV4dCUyMiUzQSslMjIlMjIlMkMlMEQlMEErKysrKysrKysrKyslMjJpbmxpbmVTdHlsZVJhbmdlcyUyMiUzQSslNUIlNUQlMkMlMEQlMEErKysrKysrKysrKyslMjJlbnRpdHlSYW5nZXMlMjIlM0ErJTVCJTVEJTBEJTBBKysrKysrKyslN0QlMEQlMEErKysrJTVEJTJDJTBEJTBBKysrKyUyMmVudGl0eU1hcCUyMiUzQSslN0IlN0QlMEQlMEElN0Qmc2x1Zz1ibG9nJnNlb190aXRsZT0mc2VhcmNoX2Rlc2NyaXB0aW9uPSZnb19saXZlX2F0PSZleHBpcmVfYXQ9IiwxNTIzNTExMjAyLjAxNTk5NDhdLCJ3YWd0YWlsLXByZXZpZXctYmxvZyxibG9ncGFnZSw0IjpbImNzcmZtaWRkbGV3YXJldG9rZW49YVE5YkUwMm1GSXM0VU01czg0aDMzbThzU2F5dGcwTENzT2ZVMEJuTTduT005VTluMnFQYXVJazRlNkpIUk5hYiZuZXh0PSZ0aXRsZT1Qb3N0KzEmZGF0ZT0yMDE4LTA0LTEyJnRhZ3M9dGFnMSZleGNlcnB0PWV4dHJhY3RvK2JsYStibGEmYm9keS1jb3VudD01JmJvZHktMC1kZWxldGVkPSZib2R5LTAtb3JkZXI9MCZib2R5LTAtdHlwZT1oZWFkaW5nJmJvZHktMC1pZD0mYm9keS0wLXZhbHVlPUVuY2FiZXphZG8rYmxhJmJvZHktMS1kZWxldGVkPSZib2R5LTEtb3JkZXI9MSZib2R5LTEtdHlwZT1wYXJhZ3JhcGgmYm9keS0xLWlkPSZib2R5LTEtdmFsdWU9JTdCJTIyYmxvY2tzJTIyJTNBJTVCJTdCJTIya2V5JTIyJTNBJTIyMHhpemolMjIlMkMlMjJ0ZXh0JTIyJTNBJTIyUHJpbWVyK3BhcnJhZm8rZXRjJTIyJTJDJTIydHlwZSUyMiUzQSUyMnVuc3R5bGVkJTIyJTJDJTIyZGVwdGglMjIlM0EwJTJDJTIyaW5saW5lU3R5bGVSYW5nZXMlMjIlM0ElNUIlNUQlMkMlMjJlbnRpdHlSYW5nZXMlMjIlM0ElNUIlNUQlMkMlMjJkYXRhJTIyJTNBJTdCJTdEJTdEJTVEJTJDJTIyZW50aXR5TWFwJTIyJTNBJTdCJTdEJTdEJmJvZHktMi1kZWxldGVkPSZib2R5LTItb3JkZXI9MiZib2R5LTItdHlwZT1pbWFnZSZib2R5LTItaWQ9JmJvZHktMi12YWx1ZT0xJmJvZHktMy1kZWxldGVkPSZib2R5LTMtb3JkZXI9MyZib2R5LTMtdHlwZT1wYXJhZ3JhcGgmYm9keS0zLWlkPSZib2R5LTMtdmFsdWU9JTdCJTIyYmxvY2tzJTIyJTNBJTVCJTdCJTIya2V5JTIyJTNBJTIyMHhpemolMjIlMkMlMjJ0ZXh0JTIyJTNBJTIyUGFycmFhZm9vb28rMitzZGZqbisyM2xrKy4rJTIyJTJDJTIydHlwZSUyMiUzQSUyMnVuc3R5bGVkJTIyJTJDJTIyZGVwdGglMjIlM0EwJTJDJTIyaW5saW5lU3R5bGVSYW5nZXMlMjIlM0ElNUIlNUQlMkMlMjJlbnRpdHlSYW5nZXMlMjIlM0ElNUIlNUQlMkMlMjJkYXRhJTIyJTNBJTdCJTdEJTdEJTJDJTdCJTIya2V5JTIyJTNBJTIyNmhqOTIlMjIlMkMlMjJ0ZXh0JTIyJTNBJTIyKyUyMiUyQyUyMnR5cGUlMjIlM0ElMjJhdG9taWMlMjIlMkMlMjJkZXB0aCUyMiUzQTAlMkMlMjJpbmxpbmVTdHlsZVJhbmdlcyUyMiUzQSU1QiU1RCUyQyUyMmVudGl0eVJhbmdlcyUyMiUzQSU1QiU3QiUyMm9mZnNldCUyMiUzQTAlMkMlMjJsZW5ndGglMjIlM0ExJTJDJTIya2V5JTIyJTNBMCU3RCU1RCUyQyUyMmRhdGElMjIlM0ElN0IlN0QlN0QlMkMlN0IlMjJrZXklMjIlM0ElMjJibTZ1JTIyJTJDJTIydGV4dCUyMiUzQSUyMiUyMiUyQyUyMnR5cGUlMjIlM0ElMjJ1bnN0eWxlZCUyMiUyQyUyMmRlcHRoJTIyJTNBMCUyQyUyMmlubGluZVN0eWxlUmFuZ2VzJTIyJTNBJTVCJTVEJTJDJTIyZW50aXR5UmFuZ2VzJTIyJTNBJTVCJTVEJTJDJTIyZGF0YSUyMiUzQSU3QiU3RCU3RCU1RCUyQyUyMmVudGl0eU1hcCUyMiUzQSU3QiUyMjAlMjIlM0ElN0IlMjJ0eXBlJTIyJTNBJTIySU1BR0UlMjIlMkMlMjJtdXRhYmlsaXR5JTIyJTNBJTIySU1NVVRBQkxFJTIyJTJDJTIyZGF0YSUyMiUzQSU3QiUyMmlkJTIyJTNBMiUyQyUyMnNyYyUyMiUzQSUyMiUyRm1lZGlhJTJGaW1hZ2VzJTJGbG9nbzMud2lkdGgtNTAwLnBuZyUyMiUyQyUyMmFsdCUyMiUzQSUyMmNvZGl1bSUyMiUyQyUyMmZvcm1hdCUyMiUzQSUyMmxlZnQlMjIlN0QlN0QlN0QlN0QmYm9keS00LWRlbGV0ZWQ9JmJvZHktNC1vcmRlcj00JmJvZHktNC10eXBlPXBhcmFncmFwaCZib2R5LTQtaWQ9JmJvZHktNC12YWx1ZT0lN0IlMjJibG9ja3MlMjIlM0ElNUIlN0IlMjJrZXklMjIlM0ElMjIweGl6aiUyMiUyQyUyMnRleHQlMjIlM0ElMjJ0ZXJjZXIrcGFycmFmbyUyMiUyQyUyMnR5cGUlMjIlM0ElMjJ1bnN0eWxlZCUyMiUyQyUyMmRlcHRoJTIyJTNBMCUyQyUyMmlubGluZVN0eWxlUmFuZ2VzJTIyJTNBJTVCJTVEJTJDJTIyZW50aXR5UmFuZ2VzJTIyJTNBJTVCJTVEJTJDJTIyZGF0YSUyMiUzQSU3QiU3RCU3RCU1RCUyQyUyMmVudGl0eU1hcCUyMiUzQSU3QiU3RCU3RCZnYWxsZXJ5X2ltYWdlcy1UT1RBTF9GT1JNUz0wJmdhbGxlcnlfaW1hZ2VzLUlOSVRJQUxfRk9STVM9MCZnYWxsZXJ5X2ltYWdlcy1NSU5fTlVNX0ZPUk1TPTAmZ2FsbGVyeV9pbWFnZXMtTUFYX05VTV9GT1JNUz0xMDAwJnNsdWc9cG9zdC0xJnNlb190aXRsZT0mc2VhcmNoX2Rlc2NyaXB0aW9uPSZnb19saXZlX2F0PSZleHBpcmVfYXQ9IiwxNTIzNTEyMTE2LjgzMzk3NDFdfQ==", "expire_date": "2018-04-26T05:48:36.858Z"}}, {"model": "auth.permission", "pk": 1, "fields": {"name": "Can add image", "content_type": 2, "codename": "add_image"}}, {"model": "auth.permission", "pk": 2, "fields": {"name": "Can change image", "content_type": 2, "codename": "change_image"}}, {"model": "auth.permission", "pk": 3, "fields": {"name": "Can delete image", "content_type": 2, "codename": "delete_image"}}, {"model": "auth.permission", "pk": 4, "fields": {"name": "Can access Wagtail admin", "content_type": 4, "codename": "access_admin"}}, {"model": "auth.permission", "pk": 5, "fields": {"name": "Can add document", "content_type": 5, "codename": "add_document"}}, {"model": "auth.permission", "pk": 6, "fields": {"name": "Can change document", "content_type": 5, "codename": "change_document"}}, {"model": "auth.permission", "pk": 7, "fields": {"name": "Can delete document", "content_type": 5, "codename": "delete_document"}}, {"model": "auth.permission", "pk": 8, "fields": {"name": "Can add home page", "content_type": 3, "codename": "add_homepage"}}, {"model": "auth.permission", "pk": 9, "fields": {"name": "Can change home page", "content_type": 3, "codename": "change_homepage"}}, {"model": "auth.permission", "pk": 10, "fields": {"name": "Can delete home page", "content_type": 3, "codename": "delete_homepage"}}, {"model": "auth.permission", "pk": 11, "fields": {"name": "Can add blog index page", "content_type": 6, "codename": "add_blogindexpage"}}, {"model": "auth.permission", "pk": 12, "fields": {"name": "Can change blog index page", "content_type": 6, "codename": "change_blogindexpage"}}, {"model": "auth.permission", "pk": 13, "fields": {"name": "Can delete blog index page", "content_type": 6, "codename": "delete_blogindexpage"}}, {"model": "auth.permission", "pk": 14, "fields": {"name": "Can add blog page", "content_type": 7, "codename": "add_blogpage"}}, {"model": "auth.permission", "pk": 15, "fields": {"name": "Can change blog page", "content_type": 7, "codename": "change_blogpage"}}, {"model": "auth.permission", "pk": 16, "fields": {"name": "Can delete blog page", "content_type": 7, "codename": "delete_blogpage"}}, {"model": "auth.permission", "pk": 17, "fields": {"name": "Can add blog page gallery image", "content_type": 8, "codename": "add_blogpagegalleryimage"}}, {"model": "auth.permission", "pk": 18, "fields": {"name": "Can change blog page gallery image", "content_type": 8, "codename": "change_blogpagegalleryimage"}}, {"model": "auth.permission", "pk": 19, "fields": {"name": "Can delete blog page gallery image", "content_type": 8, "codename": "delete_blogpagegalleryimage"}}, {"model": "auth.permission", "pk": 20, "fields": {"name": "Can add blog page tag", "content_type": 9, "codename": "add_blogpagetag"}}, {"model": "auth.permission", "pk": 21, "fields": {"name": "Can change blog page tag", "content_type": 9, "codename": "change_blogpagetag"}}, {"model": "auth.permission", "pk": 22, "fields": {"name": "Can delete blog page tag", "content_type": 9, "codename": "delete_blogpagetag"}}, {"model": "auth.permission", "pk": 23, "fields": {"name": "Can add blog tag index page", "content_type": 10, "codename": "add_blogtagindexpage"}}, {"model": "auth.permission", "pk": 24, "fields": {"name": "Can change blog tag index page", "content_type": 10, "codename": "change_blogtagindexpage"}}, {"model": "auth.permission", "pk": 25, "fields": {"name": "Can delete blog tag index page", "content_type": 10, "codename": "delete_blogtagindexpage"}}, {"model": "auth.permission", "pk": 26, "fields": {"name": "Can add form submission", "content_type": 11, "codename": "add_formsubmission"}}, {"model": "auth.permission", "pk": 27, "fields": {"name": "Can change form submission", "content_type": 11, "codename": "change_formsubmission"}}, {"model": "auth.permission", "pk": 28, "fields": {"name": "Can delete form submission", "content_type": 11, "codename": "delete_formsubmission"}}, {"model": "auth.permission", "pk": 29, "fields": {"name": "Can add redirect", "content_type": 12, "codename": "add_redirect"}}, {"model": "auth.permission", "pk": 30, "fields": {"name": "Can change redirect", "content_type": 12, "codename": "change_redirect"}}, {"model": "auth.permission", "pk": 31, "fields": {"name": "Can delete redirect", "content_type": 12, "codename": "delete_redirect"}}, {"model": "auth.permission", "pk": 32, "fields": {"name": "Can add embed", "content_type": 13, "codename": "add_embed"}}, {"model": "auth.permission", "pk": 33, "fields": {"name": "Can change embed", "content_type": 13, "codename": "change_embed"}}, {"model": "auth.permission", "pk": 34, "fields": {"name": "Can delete embed", "content_type": 13, "codename": "delete_embed"}}, {"model": "auth.permission", "pk": 35, "fields": {"name": "Can add user profile", "content_type": 14, "codename": "add_userprofile"}}, {"model": "auth.permission", "pk": 36, "fields": {"name": "Can change user profile", "content_type": 14, "codename": "change_userprofile"}}, {"model": "auth.permission", "pk": 37, "fields": {"name": "Can delete user profile", "content_type": 14, "codename": "delete_userprofile"}}, {"model": "auth.permission", "pk": 38, "fields": {"name": "Can add rendition", "content_type": 15, "codename": "add_rendition"}}, {"model": "auth.permission", "pk": 39, "fields": {"name": "Can change rendition", "content_type": 15, "codename": "change_rendition"}}, {"model": "auth.permission", "pk": 40, "fields": {"name": "Can delete rendition", "content_type": 15, "codename": "delete_rendition"}}, {"model": "auth.permission", "pk": 41, "fields": {"name": "Can add query", "content_type": 16, "codename": "add_query"}}, {"model": "auth.permission", "pk": 42, "fields": {"name": "Can change query", "content_type": 16, "codename": "change_query"}}, {"model": "auth.permission", "pk": 43, "fields": {"name": "Can delete query", "content_type": 16, "codename": "delete_query"}}, {"model": "auth.permission", "pk": 44, "fields": {"name": "Can add Query Daily Hits", "content_type": 17, "codename": "add_querydailyhits"}}, {"model": "auth.permission", "pk": 45, "fields": {"name": "Can change Query Daily Hits", "content_type": 17, "codename": "change_querydailyhits"}}, {"model": "auth.permission", "pk": 46, "fields": {"name": "Can delete Query Daily Hits", "content_type": 17, "codename": "delete_querydailyhits"}}, {"model": "auth.permission", "pk": 47, "fields": {"name": "Can add page", "content_type": 1, "codename": "add_page"}}, {"model": "auth.permission", "pk": 48, "fields": {"name": "Can change page", "content_type": 1, "codename": "change_page"}}, {"model": "auth.permission", "pk": 49, "fields": {"name": "Can delete page", "content_type": 1, "codename": "delete_page"}}, {"model": "auth.permission", "pk": 50, "fields": {"name": "Can add group page permission", "content_type": 18, "codename": "add_grouppagepermission"}}, {"model": "auth.permission", "pk": 51, "fields": {"name": "Can change group page permission", "content_type": 18, "codename": "change_grouppagepermission"}}, {"model": "auth.permission", "pk": 52, "fields": {"name": "Can delete group page permission", "content_type": 18, "codename": "delete_grouppagepermission"}}, {"model": "auth.permission", "pk": 53, "fields": {"name": "Can add page revision", "content_type": 19, "codename": "add_pagerevision"}}, {"model": "auth.permission", "pk": 54, "fields": {"name": "Can change page revision", "content_type": 19, "codename": "change_pagerevision"}}, {"model": "auth.permission", "pk": 55, "fields": {"name": "Can delete page revision", "content_type": 19, "codename": "delete_pagerevision"}}, {"model": "auth.permission", "pk": 56, "fields": {"name": "Can add page view restriction", "content_type": 20, "codename": "add_pageviewrestriction"}}, {"model": "auth.permission", "pk": 57, "fields": {"name": "Can change page view restriction", "content_type": 20, "codename": "change_pageviewrestriction"}}, {"model": "auth.permission", "pk": 58, "fields": {"name": "Can delete page view restriction", "content_type": 20, "codename": "delete_pageviewrestriction"}}, {"model": "auth.permission", "pk": 59, "fields": {"name": "Can add site", "content_type": 21, "codename": "add_site"}}, {"model": "auth.permission", "pk": 60, "fields": {"name": "Can change site", "content_type": 21, "codename": "change_site"}}, {"model": "auth.permission", "pk": 61, "fields": {"name": "Can delete site", "content_type": 21, "codename": "delete_site"}}, {"model": "auth.permission", "pk": 62, "fields": {"name": "Can add collection", "content_type": 22, "codename": "add_collection"}}, {"model": "auth.permission", "pk": 63, "fields": {"name": "Can change collection", "content_type": 22, "codename": "change_collection"}}, {"model": "auth.permission", "pk": 64, "fields": {"name": "Can delete collection", "content_type": 22, "codename": "delete_collection"}}, {"model": "auth.permission", "pk": 65, "fields": {"name": "Can add group collection permission", "content_type": 23, "codename": "add_groupcollectionpermission"}}, {"model": "auth.permission", "pk": 66, "fields": {"name": "Can change group collection permission", "content_type": 23, "codename": "change_groupcollectionpermission"}}, {"model": "auth.permission", "pk": 67, "fields": {"name": "Can delete group collection permission", "content_type": 23, "codename": "delete_groupcollectionpermission"}}, {"model": "auth.permission", "pk": 68, "fields": {"name": "Can add collection view restriction", "content_type": 24, "codename": "add_collectionviewrestriction"}}, {"model": "auth.permission", "pk": 69, "fields": {"name": "Can change collection view restriction", "content_type": 24, "codename": "change_collectionviewrestriction"}}, {"model": "auth.permission", "pk": 70, "fields": {"name": "Can delete collection view restriction", "content_type": 24, "codename": "delete_collectionviewrestriction"}}, {"model": "auth.permission", "pk": 71, "fields": {"name": "Can add Tag", "content_type": 25, "codename": "add_tag"}}, {"model": "auth.permission", "pk": 72, "fields": {"name": "Can change Tag", "content_type": 25, "codename": "change_tag"}}, {"model": "auth.permission", "pk": 73, "fields": {"name": "Can delete Tag", "content_type": 25, "codename": "delete_tag"}}, {"model": "auth.permission", "pk": 74, "fields": {"name": "Can add Tagged Item", "content_type": 26, "codename": "add_taggeditem"}}, {"model": "auth.permission", "pk": 75, "fields": {"name": "Can change Tagged Item", "content_type": 26, "codename": "change_taggeditem"}}, {"model": "auth.permission", "pk": 76, "fields": {"name": "Can delete Tagged Item", "content_type": 26, "codename": "delete_taggeditem"}}, {"model": "auth.permission", "pk": 77, "fields": {"name": "Can add log entry", "content_type": 27, "codename": "add_logentry"}}, {"model": "auth.permission", "pk": 78, "fields": {"name": "Can change log entry", "content_type": 27, "codename": "change_logentry"}}, {"model": "auth.permission", "pk": 79, "fields": {"name": "Can delete log entry", "content_type": 27, "codename": "delete_logentry"}}, {"model": "auth.permission", "pk": 80, "fields": {"name": "Can add permission", "content_type": 28, "codename": "add_permission"}}, {"model": "auth.permission", "pk": 81, "fields": {"name": "Can change permission", "content_type": 28, "codename": "change_permission"}}, {"model": "auth.permission", "pk": 82, "fields": {"name": "Can delete permission", "content_type": 28, "codename": "delete_permission"}}, {"model": "auth.permission", "pk": 83, "fields": {"name": "Can add group", "content_type": 29, "codename": "add_group"}}, {"model": "auth.permission", "pk": 84, "fields": {"name": "Can change group", "content_type": 29, "codename": "change_group"}}, {"model": "auth.permission", "pk": 85, "fields": {"name": "Can delete group", "content_type": 29, "codename": "delete_group"}}, {"model": "auth.permission", "pk": 86, "fields": {"name": "Can add user", "content_type": 30, "codename": "add_user"}}, {"model": "auth.permission", "pk": 87, "fields": {"name": "Can change user", "content_type": 30, "codename": "change_user"}}, {"model": "auth.permission", "pk": 88, "fields": {"name": "Can delete user", "content_type": 30, "codename": "delete_user"}}, {"model": "auth.permission", "pk": 89, "fields": {"name": "Can add content type", "content_type": 31, "codename": "add_contenttype"}}, {"model": "auth.permission", "pk": 90, "fields": {"name": "Can change content type", "content_type": 31, "codename": "change_contenttype"}}, {"model": "auth.permission", "pk": 91, "fields": {"name": "Can delete content type", "content_type": 31, "codename": "delete_contenttype"}}, {"model": "auth.permission", "pk": 92, "fields": {"name": "Can add session", "content_type": 32, "codename": "add_session"}}, {"model": "auth.permission", "pk": 93, "fields": {"name": "Can change session", "content_type": 32, "codename": "change_session"}}, {"model": "auth.permission", "pk": 94, "fields": {"name": "Can delete session", "content_type": 32, "codename": "delete_session"}}, {"model": "auth.permission", "pk": 95, "fields": {"name": "Can add default page", "content_type": 33, "codename": "add_defaultpage"}}, {"model": "auth.permission", "pk": 96, "fields": {"name": "Can change default page", "content_type": 33, "codename": "change_defaultpage"}}, {"model": "auth.permission", "pk": 97, "fields": {"name": "Can delete default page", "content_type": 33, "codename": "delete_defaultpage"}}, {"model": "auth.group", "pk": 1, "fields": {"name": "Moderators", "permissions": [4, 5, 6, 7, 1, 2, 3]}}, {"model": "auth.group", "pk": 2, "fields": {"name": "Editors", "permissions": [4, 5, 6, 7, 1, 2, 3]}}, {"model": "auth.user", "pk": 1, "fields": {"password": "pbkdf2_sha256$100000$5FXXQpjluT7H$QjyK4JQxEDYLASNl6teI6rlnXCH59Xxv182NVGMZu6Q=", "last_login": "2018-04-12T05:31:51.657Z", "is_superuser": true, "username": "admin", "first_name": "", "last_name": "", "email": "", "is_staff": true, "is_active": true, "date_joined": "2018-04-12T05:31:43.086Z", "groups": [], "user_permissions": []}}, {"model": "wagtailcore.groupcollectionpermission", "pk": 1, "fields": {"group": 2, "collection": 1, "permission": 1}}, {"model": "wagtailcore.groupcollectionpermission", "pk": 2, "fields": {"group": 1, "collection": 1, "permission": 1}}, {"model": "wagtailcore.groupcollectionpermission", "pk": 3, "fields": {"group": 2, "collection": 1, "permission": 2}}, {"model": "wagtailcore.groupcollectionpermission", "pk": 4, "fields": {"group": 1, "collection": 1, "permission": 2}}, {"model": "wagtailcore.groupcollectionpermission", "pk": 5, "fields": {"group": 2, "collection": 1, "permission": 5}}, {"model": "wagtailcore.groupcollectionpermission", "pk": 6, "fields": {"group": 1, "collection": 1, "permission": 5}}, {"model": "wagtailcore.groupcollectionpermission", "pk": 7, "fields": {"group": 2, "collection": 1, "permission": 6}}, {"model": "wagtailcore.groupcollectionpermission", "pk": 8, "fields": {"group": 1, "collection": 1, "permission": 6}}, {"model": "wagtailcore.grouppagepermission", "pk": 1, "fields": {"group": 1, "page": 1, "permission_type": "add"}}, {"model": "wagtailcore.grouppagepermission", "pk": 2, "fields": {"group": 1, "page": 1, "permission_type": "edit"}}, {"model": "wagtailcore.grouppagepermission", "pk": 3, "fields": {"group": 1, "page": 1, "permission_type": "publish"}}, {"model": "wagtailcore.grouppagepermission", "pk": 4, "fields": {"group": 2, "page": 1, "permission_type": "add"}}, {"model": "wagtailcore.grouppagepermission", "pk": 5, "fields": {"group": 2, "page": 1, "permission_type": "edit"}}, {"model": "wagtailcore.grouppagepermission", "pk": 6, "fields": {"group": 1, "page": 1, "permission_type": "lock"}}, {"model": "wagtailcore.pagerevision", "pk": 1, "fields": {"page": 4, "submitted_for_moderation": false, "created_at": "2018-04-12T05:32:59.521Z", "user": 1, "content_json": "{\"pk\": 4, \"path\": \"000100010001\", \"depth\": 3, \"numchild\": 0, \"title\": \"Blog\", \"draft_title\": \"Blog\", \"slug\": \"blog\", \"content_type\": 6, \"live\": true, \"has_unpublished_changes\": false, \"url_path\": \"/home/blog/\", \"owner\": 1, \"seo_title\": \"\", \"show_in_menus\": false, \"search_description\": \"\", \"go_live_at\": null, \"expire_at\": null, \"expired\": false, \"locked\": false, \"first_published_at\": null, \"last_published_at\": null, \"latest_revision_created_at\": null, \"live_revision\": null, \"intro\": \"<p></p>\"}", "approved_go_live_at": null}}, {"model": "wagtailcore.pagerevision", "pk": 4, "fields": {"page": 6, "submitted_for_moderation": false, "created_at": "2018-04-12T05:48:49.516Z", "user": 1, "content_json": "{\"pk\": 6, \"path\": \"0001000100010001\", \"depth\": 4, \"numchild\": 0, \"title\": \"Post 1\", \"draft_title\": \"Post 1\", \"slug\": \"post-1\", \"content_type\": 7, \"live\": false, \"has_unpublished_changes\": false, \"url_path\": \"/home/blog/post-1/\", \"owner\": 1, \"seo_title\": \"\", \"show_in_menus\": false, \"search_description\": \"\", \"go_live_at\": null, \"expire_at\": null, \"expired\": false, \"locked\": false, \"first_published_at\": null, \"last_published_at\": null, \"latest_revision_created_at\": null, \"live_revision\": null, \"date\": \"2018-04-12\", \"excerpt\": \"extracto bla bla\", \"body\": \"[{\\\"type\\\": \\\"heading\\\", \\\"value\\\": \\\"Encabezado bla\\\", \\\"id\\\": \\\"3484770e-c0d2-4b0f-aa6e-ef9f0fe7385e\\\"}, {\\\"type\\\": \\\"paragraph\\\", \\\"value\\\": \\\"<p>Primer parrafo etc</p>\\\", \\\"id\\\": \\\"3e3a5390-fb6a-4729-9964-dd881404ea66\\\"}, {\\\"type\\\": \\\"image\\\", \\\"value\\\": 1, \\\"id\\\": \\\"9d06cc76-a0be-4d0a-81e4-a97686cfc60d\\\"}, {\\\"type\\\": \\\"paragraph\\\", \\\"value\\\": \\\"<p>Parraafoooo 2 sdfjn 23lk . </p><embed alt=\\\\\\\"codium\\\\\\\" embedtype=\\\\\\\"image\\\\\\\" format=\\\\\\\"left\\\\\\\" id=\\\\\\\"2\\\\\\\"/><p></p>\\\", \\\"id\\\": \\\"aecd91ea-e143-431e-a7e4-397442428f7c\\\"}, {\\\"type\\\": \\\"paragraph\\\", \\\"value\\\": \\\"<p>tercer parrafo</p>\\\", \\\"id\\\": \\\"6467fcee-1c39-410a-973d-0a3038b0697d\\\"}]\", \"tagged_items\": [{\"pk\": 5, \"tag\": 3, \"content_object\": 6}], \"gallery_images\": []}", "approved_go_live_at": null}}, {"model": "wagtailcore.pagerevision", "pk": 5, "fields": {"page": 6, "submitted_for_moderation": false, "created_at": "2018-04-12T05:50:08.011Z", "user": 1, "content_json": "{\"pk\": 6, \"path\": \"0001000100010001\", \"depth\": 4, \"numchild\": 0, \"title\": \"Post 1\", \"draft_title\": \"Post 1\", \"slug\": \"post-1\", \"content_type\": 7, \"live\": false, \"has_unpublished_changes\": true, \"url_path\": \"/home/blog/post-1/\", \"owner\": 1, \"seo_title\": \"\", \"show_in_menus\": false, \"search_description\": \"\", \"go_live_at\": null, \"expire_at\": null, \"expired\": false, \"locked\": false, \"first_published_at\": null, \"last_published_at\": null, \"latest_revision_created_at\": \"2018-04-12T05:48:49.516Z\", \"live_revision\": null, \"date\": \"2018-04-12\", \"excerpt\": \"extracto bla bla\", \"body\": \"[{\\\"type\\\": \\\"heading\\\", \\\"value\\\": \\\"Encabezado bla\\\", \\\"id\\\": \\\"3484770e-c0d2-4b0f-aa6e-ef9f0fe7385e\\\"}, {\\\"type\\\": \\\"paragraph\\\", \\\"value\\\": \\\"<p>Primer parrafo etc</p>\\\", \\\"id\\\": \\\"3e3a5390-fb6a-4729-9964-dd881404ea66\\\"}, {\\\"type\\\": \\\"image\\\", \\\"value\\\": 1, \\\"id\\\": \\\"9d06cc76-a0be-4d0a-81e4-a97686cfc60d\\\"}, {\\\"type\\\": \\\"paragraph\\\", \\\"value\\\": \\\"<p>Parraafoooo 2 sdfjn 23lk .</p><embed alt=\\\\\\\"codium\\\\\\\" embedtype=\\\\\\\"image\\\\\\\" format=\\\\\\\"left\\\\\\\" id=\\\\\\\"2\\\\\\\"/><p></p>\\\", \\\"id\\\": \\\"aecd91ea-e143-431e-a7e4-397442428f7c\\\"}, {\\\"type\\\": \\\"paragraph\\\", \\\"value\\\": \\\"<p>tercer parrafo</p>\\\", \\\"id\\\": \\\"6467fcee-1c39-410a-973d-0a3038b0697d\\\"}]\", \"tagged_items\": [{\"pk\": null, \"tag\": 3, \"content_object\": 6}], \"gallery_images\": []}", "approved_go_live_at": null}}, {"model": "wagtailcore.pagerevision", "pk": 6, "fields": {"page": 6, "submitted_for_moderation": false, "created_at": "2018-04-12T05:55:15.384Z", "user": 1, "content_json": "{\"pk\": 6, \"path\": \"0001000100010001\", \"depth\": 4, \"numchild\": 0, \"title\": \"Post 1\", \"draft_title\": \"Post 1\", \"slug\": \"post-1\", \"content_type\": 7, \"live\": true, \"has_unpublished_changes\": false, \"url_path\": \"/home/blog/post-1/\", \"owner\": 1, \"seo_title\": \"\", \"show_in_menus\": false, \"search_description\": \"\", \"go_live_at\": null, \"expire_at\": null, \"expired\": false, \"locked\": false, \"first_published_at\": \"2018-04-12T05:50:08.038Z\", \"last_published_at\": \"2018-04-12T05:50:08.038Z\", \"latest_revision_created_at\": \"2018-04-12T05:50:08.011Z\", \"live_revision\": 5, \"date\": \"2018-04-12\", \"excerpt\": \"extracto bla bla\", \"body\": \"[{\\\"type\\\": \\\"heading\\\", \\\"value\\\": \\\"Encabezado bla\\\", \\\"id\\\": \\\"3484770e-c0d2-4b0f-aa6e-ef9f0fe7385e\\\"}, {\\\"type\\\": \\\"paragraph\\\", \\\"value\\\": \\\"<p>Primer parrafo etc</p>\\\", \\\"id\\\": \\\"3e3a5390-fb6a-4729-9964-dd881404ea66\\\"}, {\\\"type\\\": \\\"image\\\", \\\"value\\\": 1, \\\"id\\\": \\\"9d06cc76-a0be-4d0a-81e4-a97686cfc60d\\\"}, {\\\"type\\\": \\\"paragraph\\\", \\\"value\\\": \\\"<p>Parraafoooo 2 sdfjn 23lk .</p><embed alt=\\\\\\\"codium\\\\\\\" embedtype=\\\\\\\"image\\\\\\\" format=\\\\\\\"left\\\\\\\" id=\\\\\\\"2\\\\\\\"/><p></p>\\\", \\\"id\\\": \\\"aecd91ea-e143-431e-a7e4-397442428f7c\\\"}, {\\\"type\\\": \\\"paragraph\\\", \\\"value\\\": \\\"<p>tercer parrafo</p>\\\", \\\"id\\\": \\\"6467fcee-1c39-410a-973d-0a3038b0697d\\\"}]\", \"tagged_items\": [{\"pk\": null, \"tag\": 3, \"content_object\": 6}], \"gallery_images\": []}", "approved_go_live_at": null}}, {"model": "wagtailcore.pagerevision", "pk": 7, "fields": {"page": 7, "submitted_for_moderation": false, "created_at": "2018-04-12T06:30:12.688Z", "user": 1, "content_json": "{\"pk\": 7, \"path\": \"0001000100010002\", \"depth\": 4, \"numchild\": 0, \"title\": \"post2\", \"draft_title\": \"post2\", \"slug\": \"post2\", \"content_type\": 7, \"live\": true, \"has_unpublished_changes\": false, \"url_path\": \"/home/blog/post2/\", \"owner\": 1, \"seo_title\": \"\", \"show_in_menus\": false, \"search_description\": \"\", \"go_live_at\": null, \"expire_at\": null, \"expired\": false, \"locked\": false, \"first_published_at\": null, \"last_published_at\": null, \"latest_revision_created_at\": null, \"live_revision\": null, \"date\": \"2018-04-12\", \"excerpt\": \"extracto 2\", \"body\": \"[{\\\"type\\\": \\\"heading\\\", \\\"value\\\": \\\"Encabezado bla\\\", \\\"id\\\": \\\"2d86e483-0602-4cd7-99c9-f7560433a618\\\"}, {\\\"type\\\": \\\"paragraph\\\", \\\"value\\\": \\\"<p>rdrtyuertyu dtyu dtyu drtyu dyu dy udruy</p>\\\", \\\"id\\\": \\\"6494a02f-2d96-43a6-931f-fd67f602e7c6\\\"}, {\\\"type\\\": \\\"two_columns\\\", \\\"value\\\": {\\\"left_column\\\": [{\\\"type\\\": \\\"paragraph\\\", \\\"value\\\": \\\"<p>Columna 1</p>\\\", \\\"id\\\": \\\"7c4c2963-1e1a-4481-a04b-d4c085744b3c\\\"}], \\\"right_column\\\": [{\\\"type\\\": \\\"image\\\", \\\"value\\\": 3, \\\"id\\\": \\\"e9be3de4-69a8-48e7-9138-0ace008a0f03\\\"}]}, \\\"id\\\": \\\"9b812092-0644-4900-97b8-59e496f48a47\\\"}, {\\\"type\\\": \\\"paragraph\\\", \\\"value\\\": \\\"<p>otro parrafo</p>\\\", \\\"id\\\": \\\"9d76e6a2-bda1-4d87-a7b5-767ed9b6c6e6\\\"}, {\\\"type\\\": \\\"embedded_video\\\", \\\"value\\\": \\\"https://www.google.com.py/images/branding/googlelogo/2x/googlelogo_color_272x92dp.png\\\", \\\"id\\\": \\\"87db6538-6920-4fd0-8d1d-37de0482005b\\\"}]\", \"tagged_items\": [], \"gallery_images\": []}", "approved_go_live_at": null}}, {"model": "wagtailcore.pagerevision", "pk": 8, "fields": {"page": 8, "submitted_for_moderation": false, "created_at": "2018-04-12T07:32:44.163Z", "user": 1, "content_json": "{\"pk\": 8, \"path\": \"0001000100010003\", \"depth\": 4, \"numchild\": 0, \"title\": \"eeee\", \"draft_title\": \"eeee\", \"slug\": \"eeee\", \"content_type\": 7, \"live\": false, \"has_unpublished_changes\": false, \"url_path\": \"/home/blog/eeee/\", \"owner\": 1, \"seo_title\": \"\", \"show_in_menus\": false, \"search_description\": \"\", \"go_live_at\": null, \"expire_at\": null, \"expired\": false, \"locked\": false, \"first_published_at\": null, \"last_published_at\": null, \"latest_revision_created_at\": null, \"live_revision\": null, \"date\": \"2018-04-12\", \"excerpt\": \"\", \"body\": \"[{\\\"type\\\": \\\"heading\\\", \\\"value\\\": \\\"titulo\\\", \\\"id\\\": \\\"097195e7-347f-4ac1-805f-65a328cdbf99\\\"}, {\\\"type\\\": \\\"thumbnail\\\", \\\"value\\\": {\\\"image\\\": 3, \\\"url\\\": \\\"https://google.com\\\", \\\"media_type\\\": \\\"Image\\\", \\\"text\\\": \\\"pythonPy\\\"}, \\\"id\\\": \\\"1f13df85-6948-4496-a97a-edca7c3a7f0d\\\"}]\", \"tagged_items\": [], \"gallery_images\": []}", "approved_go_live_at": null}}, {"model": "wagtailcore.pagerevision", "pk": 9, "fields": {"page": 8, "submitted_for_moderation": false, "created_at": "2018-04-12T07:33:03.200Z", "user": 1, "content_json": "{\"pk\": 8, \"path\": \"0001000100010003\", \"depth\": 4, \"numchild\": 0, \"title\": \"eeee\", \"draft_title\": \"eeee\", \"slug\": \"eeee\", \"content_type\": 7, \"live\": false, \"has_unpublished_changes\": true, \"url_path\": \"/home/blog/eeee/\", \"owner\": 1, \"seo_title\": \"\", \"show_in_menus\": false, \"search_description\": \"\", \"go_live_at\": null, \"expire_at\": null, \"expired\": false, \"locked\": false, \"first_published_at\": null, \"last_published_at\": null, \"latest_revision_created_at\": \"2018-04-12T07:32:44.163Z\", \"live_revision\": null, \"date\": \"2018-04-12\", \"excerpt\": \"\", \"body\": \"[{\\\"type\\\": \\\"heading\\\", \\\"value\\\": \\\"titulo\\\", \\\"id\\\": \\\"097195e7-347f-4ac1-805f-65a328cdbf99\\\"}, {\\\"type\\\": \\\"paragraph\\\", \\\"value\\\": \\\"<p>dghsdhfgsdfgh sfdghdsfhsd sdh shsd dsdhssd</p><p>fgh sd</p><p>hsdgh</p><p>sh</p><p>dghs</p>\\\", \\\"id\\\": \\\"1b8ba811-3912-4db2-87e6-92736278b939\\\"}, {\\\"type\\\": \\\"thumbnail\\\", \\\"value\\\": {\\\"image\\\": 3, \\\"url\\\": \\\"https://google.com\\\", \\\"media_type\\\": \\\"Image\\\", \\\"text\\\": \\\"pythonPy\\\"}, \\\"id\\\": \\\"1f13df85-6948-4496-a97a-edca7c3a7f0d\\\"}]\", \"tagged_items\": [], \"gallery_images\": []}", "approved_go_live_at": null}}, {"model": "wagtailcore.pagerevision", "pk": 11, "fields": {"page": 10, "submitted_for_moderation": false, "created_at": "2018-04-12T07:53:11.282Z", "user": 1, "content_json": "{\"pk\": 10, \"path\": \"000100010002\", \"depth\": 3, \"numchild\": 0, \"title\": \"Acerca de\", \"draft_title\": \"Acerca de\", \"slug\": \"acerca-de\", \"content_type\": 33, \"live\": true, \"has_unpublished_changes\": false, \"url_path\": \"/home/acerca-de/\", \"owner\": 1, \"seo_title\": \"\", \"show_in_menus\": false, \"search_description\": \"\", \"go_live_at\": null, \"expire_at\": null, \"expired\": false, \"locked\": false, \"first_published_at\": null, \"last_published_at\": null, \"latest_revision_created_at\": null, \"live_revision\": null, \"body\": \"[{\\\"type\\\": \\\"paragraph\\\", \\\"value\\\": \\\"<p>Python Paraguay es bla bla bkla...</p>\\\", \\\"id\\\": \\\"65979892-f042-4ab9-9161-d101033771b9\\\"}]\"}", "approved_go_live_at": null}}, {"model": "wagtailcore.pagerevision", "pk": 12, "fields": {"page": 10, "submitted_for_moderation": false, "created_at": "2018-04-12T07:53:24.314Z", "user": 1, "content_json": "{\"pk\": 10, \"path\": \"000100010002\", \"depth\": 3, \"numchild\": 0, \"title\": \"Acerca de\", \"draft_title\": \"Acerca de\", \"slug\": \"acerca-de\", \"content_type\": 33, \"live\": true, \"has_unpublished_changes\": false, \"url_path\": \"/home/acerca-de/\", \"owner\": 1, \"seo_title\": \"\", \"show_in_menus\": true, \"search_description\": \"\", \"go_live_at\": null, \"expire_at\": null, \"expired\": false, \"locked\": false, \"first_published_at\": \"2018-04-12T07:53:11.299Z\", \"last_published_at\": \"2018-04-12T07:53:11.299Z\", \"latest_revision_created_at\": \"2018-04-12T07:53:11.282Z\", \"live_revision\": 11, \"body\": \"[{\\\"type\\\": \\\"paragraph\\\", \\\"value\\\": \\\"<p>Python Paraguay es bla bla bkla...</p>\\\", \\\"id\\\": \\\"65979892-f042-4ab9-9161-d101033771b9\\\"}]\"}", "approved_go_live_at": null}}, {"model": "wagtailcore.pagerevision", "pk": 13, "fields": {"page": 11, "submitted_for_moderation": false, "created_at": "2018-04-12T07:54:24.423Z", "user": 1, "content_json": "{\"pk\": 11, \"path\": \"000100010003\", \"depth\": 3, \"numchild\": 0, \"title\": \"FAQ\", \"draft_title\": \"FAQ\", \"slug\": \"faq\", \"content_type\": 33, \"live\": true, \"has_unpublished_changes\": false, \"url_path\": \"/home/faq/\", \"owner\": 1, \"seo_title\": \"\", \"show_in_menus\": false, \"search_description\": \"\", \"go_live_at\": null, \"expire_at\": null, \"expired\": false, \"locked\": false, \"first_published_at\": null, \"last_published_at\": null, \"latest_revision_created_at\": null, \"live_revision\": null, \"body\": \"[{\\\"type\\\": \\\"paragraph\\\", \\\"value\\\": \\\"<h4>Pregunta 1?</h4><p>bla bla bla</p><h4>Pregunta 2</h4><p>ble ble b;e</p>\\\", \\\"id\\\": \\\"d0d9cdd9-6786-4b93-a99f-50d18d98cd00\\\"}]\"}", "approved_go_live_at": null}}, {"model": "wagtailcore.pagerevision", "pk": 14, "fields": {"page": 4, "submitted_for_moderation": false, "created_at": "2018-04-12T08:50:15.263Z", "user": 1, "content_json": "{\"pk\": 4, \"path\": \"000100010001\", \"depth\": 3, \"numchild\": 3, \"title\": \"Blog\", \"draft_title\": \"Blog\", \"slug\": \"blog\", \"content_type\": 6, \"live\": true, \"has_unpublished_changes\": false, \"url_path\": \"/home/blog/\", \"owner\": 1, \"seo_title\": \"\", \"show_in_menus\": true, \"search_description\": \"\", \"go_live_at\": null, \"expire_at\": null, \"expired\": false, \"locked\": false, \"first_published_at\": \"2018-04-12T05:32:59.537Z\", \"last_published_at\": \"2018-04-12T05:32:59.537Z\", \"latest_revision_created_at\": \"2018-04-12T05:32:59.521Z\", \"live_revision\": 1, \"intro\": \"<p></p>\"}", "approved_go_live_at": null}}, {"model": "wagtailcore.pagerevision", "pk": 15, "fields": {"page": 10, "submitted_for_moderation": false, "created_at": "2018-04-12T08:50:25.647Z", "user": 1, "content_json": "{\"pk\": 10, \"path\": \"000100010002\", \"depth\": 3, \"numchild\": 0, \"title\": \"Acerca de\", \"draft_title\": \"Acerca de\", \"slug\": \"acerca-de\", \"content_type\": 33, \"live\": true, \"has_unpublished_changes\": false, \"url_path\": \"/home/acerca-de/\", \"owner\": 1, \"seo_title\": \"\", \"show_in_menus\": true, \"search_description\": \"\", \"go_live_at\": null, \"expire_at\": null, \"expired\": false, \"locked\": false, \"first_published_at\": \"2018-04-12T07:53:11.299Z\", \"last_published_at\": \"2018-04-12T07:53:24.339Z\", \"latest_revision_created_at\": \"2018-04-12T07:53:24.314Z\", \"live_revision\": 12, \"body\": \"[{\\\"type\\\": \\\"paragraph\\\", \\\"value\\\": \\\"<p>Python Paraguay es bla bla bkla...</p>\\\", \\\"id\\\": \\\"65979892-f042-4ab9-9161-d101033771b9\\\"}]\"}", "approved_go_live_at": null}}, {"model": "wagtailcore.pagerevision", "pk": 16, "fields": {"page": 11, "submitted_for_moderation": false, "created_at": "2018-04-12T08:50:43.860Z", "user": 1, "content_json": "{\"pk\": 11, \"path\": \"000100010003\", \"depth\": 3, \"numchild\": 0, \"title\": \"FAQ\", \"draft_title\": \"FAQ\", \"slug\": \"faq\", \"content_type\": 33, \"live\": true, \"has_unpublished_changes\": false, \"url_path\": \"/home/faq/\", \"owner\": 1, \"seo_title\": \"\", \"show_in_menus\": true, \"search_description\": \"\", \"go_live_at\": null, \"expire_at\": null, \"expired\": false, \"locked\": false, \"first_published_at\": \"2018-04-12T07:54:24.441Z\", \"last_published_at\": \"2018-04-12T07:54:24.441Z\", \"latest_revision_created_at\": \"2018-04-12T07:54:24.423Z\", \"live_revision\": 13, \"body\": \"[{\\\"type\\\": \\\"paragraph\\\", \\\"value\\\": \\\"<h4>Pregunta 1?</h4><p>bla bla bla</p><h4>Pregunta 2</h4><p>ble ble b;e</p>\\\", \\\"id\\\": \\\"d0d9cdd9-6786-4b93-a99f-50d18d98cd00\\\"}]\"}", "approved_go_live_at": null}}, {"model": "wagtailcore.pagerevision", "pk": 17, "fields": {"page": 12, "submitted_for_moderation": false, "created_at": "2018-04-12T08:59:33.824Z", "user": 1, "content_json": "{\"pk\": 12, \"path\": \"000100010004\", \"depth\": 3, \"numchild\": 0, \"title\": \"Contacto\", \"draft_title\": \"Contacto\", \"slug\": \"contacto\", \"content_type\": 33, \"live\": false, \"has_unpublished_changes\": false, \"url_path\": \"/home/contacto/\", \"owner\": 1, \"seo_title\": \"\", \"show_in_menus\": false, \"search_description\": \"\", \"go_live_at\": null, \"expire_at\": null, \"expired\": false, \"locked\": false, \"first_published_at\": null, \"last_published_at\": null, \"latest_revision_created_at\": null, \"live_revision\": null, \"body\": \"[{\\\"type\\\": \\\"paragraph\\\", \\\"value\\\": \\\"<p>sfgvsdffgsgsdg</p>\\\", \\\"id\\\": \\\"ae6c981c-a97f-4dce-ad8c-2f2088a84aec\\\"}, {\\\"type\\\": \\\"table\\\", \\\"value\\\": {\\\"data\\\": [[\\\"Bla bl\\\", \\\"aaaaa\\\", null], [\\\"Twitter\\\", \\\"@PythonParaguay\\\", null], [null, null, null]], \\\"first_row_is_table_header\\\": true, \\\"first_col_is_header\\\": false}, \\\"id\\\": \\\"df990a34-fe80-4e59-bf00-a9c3a8fce431\\\"}]\"}", "approved_go_live_at": null}}, {"model": "wagtailcore.pagerevision", "pk": 18, "fields": {"page": 12, "submitted_for_moderation": false, "created_at": "2018-04-12T08:59:37.876Z", "user": 1, "content_json": "{\"pk\": 12, \"path\": \"000100010004\", \"depth\": 3, \"numchild\": 0, \"title\": \"Contacto\", \"draft_title\": \"Contacto\", \"slug\": \"contacto\", \"content_type\": 33, \"live\": false, \"has_unpublished_changes\": true, \"url_path\": \"/home/contacto/\", \"owner\": 1, \"seo_title\": \"\", \"show_in_menus\": false, \"search_description\": \"\", \"go_live_at\": null, \"expire_at\": null, \"expired\": false, \"locked\": false, \"first_published_at\": null, \"last_published_at\": null, \"latest_revision_created_at\": \"2018-04-12T08:59:33.824Z\", \"live_revision\": null, \"body\": \"[{\\\"type\\\": \\\"paragraph\\\", \\\"value\\\": \\\"<p>sfgvsdffgsgsdg</p>\\\", \\\"id\\\": \\\"ae6c981c-a97f-4dce-ad8c-2f2088a84aec\\\"}, {\\\"type\\\": \\\"table\\\", \\\"value\\\": {\\\"data\\\": [[\\\"Bla bl\\\", \\\"aaaaa\\\", null], [\\\"Twitter\\\", \\\"@PythonParaguay\\\", null], [null, null, null]], \\\"first_row_is_table_header\\\": true, \\\"first_col_is_header\\\": false}, \\\"id\\\": \\\"df990a34-fe80-4e59-bf00-a9c3a8fce431\\\"}]\"}", "approved_go_live_at": null}}, {"model": "wagtailcore.pagerevision", "pk": 19, "fields": {"page": 3, "submitted_for_moderation": false, "created_at": "2018-04-12T09:10:58.673Z", "user": 1, "content_json": "{\"pk\": 3, \"path\": \"00010001\", \"depth\": 2, \"numchild\": 4, \"title\": \"Home\", \"draft_title\": \"Home\", \"slug\": \"home\", \"content_type\": 3, \"live\": true, \"has_unpublished_changes\": false, \"url_path\": \"/home/\", \"owner\": null, \"seo_title\": \"\", \"show_in_menus\": true, \"search_description\": \"\", \"go_live_at\": null, \"expire_at\": null, \"expired\": false, \"locked\": false, \"first_published_at\": null, \"last_published_at\": null, \"latest_revision_created_at\": null, \"live_revision\": null, \"body\": \"<p></p>\"}", "approved_go_live_at": null}}, {"model": "wagtailcore.pagerevision", "pk": 20, "fields": {"page": 12, "submitted_for_moderation": false, "created_at": "2018-04-12T09:37:56.309Z", "user": 1, "content_json": "{\"pk\": 12, \"path\": \"000100010004\", \"depth\": 3, \"numchild\": 0, \"title\": \"Contacto\", \"draft_title\": \"Contacto\", \"slug\": \"contacto\", \"content_type\": 33, \"live\": true, \"has_unpublished_changes\": false, \"url_path\": \"/home/contacto/\", \"owner\": 1, \"seo_title\": \"\", \"show_in_menus\": false, \"search_description\": \"\", \"go_live_at\": null, \"expire_at\": null, \"expired\": false, \"locked\": false, \"first_published_at\": \"2018-04-12T08:59:37.898Z\", \"last_published_at\": \"2018-04-12T08:59:37.898Z\", \"latest_revision_created_at\": \"2018-04-12T08:59:37.876Z\", \"live_revision\": 18, \"body\": \"[{\\\"type\\\": \\\"paragraph\\\", \\\"value\\\": \\\"<p>Twitter: <a href=\\\\\\\"https://twitter.com/pythonparaguay\\\\\\\">@PythonParaguay</a></p><p>Telegram: <a href=\\\\\\\"https://t.me/pythonparaguay\\\\\\\">@PythonParaguay</a></p><p>Facebook: <a href=\\\\\\\"https://www.facebook.com/PythonParaguay\\\\\\\">Python Paraguay</a></p>\\\", \\\"id\\\": \\\"ae6c981c-a97f-4dce-ad8c-2f2088a84aec\\\"}, {\\\"type\\\": \\\"table\\\", \\\"value\\\": {\\\"data\\\": [[\\\"Bla bl\\\", \\\"aaaaa\\\", null], [\\\"Twitter\\\", \\\"@PythonParaguay\\\", null], [null, null, null]], \\\"first_row_is_table_header\\\": true, \\\"first_col_is_header\\\": false}, \\\"id\\\": \\\"df990a34-fe80-4e59-bf00-a9c3a8fce431\\\"}]\"}", "approved_go_live_at": null}}, {"model": "wagtailcore.pagerevision", "pk": 21, "fields": {"page": 8, "submitted_for_moderation": false, "created_at": "2018-04-12T09:39:42.760Z", "user": 1, "content_json": "{\"pk\": 8, \"path\": \"0001000100010003\", \"depth\": 4, \"numchild\": 0, \"title\": \"Post 3 - Tutorial de nada\", \"draft_title\": \"eeee\", \"slug\": \"eeee\", \"content_type\": 7, \"live\": true, \"has_unpublished_changes\": false, \"url_path\": \"/home/blog/eeee/\", \"owner\": 1, \"seo_title\": \"\", \"show_in_menus\": false, \"search_description\": \"\", \"go_live_at\": null, \"expire_at\": null, \"expired\": false, \"locked\": false, \"first_published_at\": \"2018-04-12T07:33:03.224Z\", \"last_published_at\": \"2018-04-12T07:33:03.224Z\", \"latest_revision_created_at\": \"2018-04-12T07:33:03.200Z\", \"live_revision\": 9, \"date\": \"2018-04-12\", \"excerpt\": \"\", \"body\": \"[{\\\"type\\\": \\\"heading\\\", \\\"value\\\": \\\"titulo\\\", \\\"id\\\": \\\"097195e7-347f-4ac1-805f-65a328cdbf99\\\"}, {\\\"type\\\": \\\"paragraph\\\", \\\"value\\\": \\\"<p>Escribiendo su primera aplicaci\\\\u00f3n en Django, parte 1<a href=\\\\\\\"https://docs.djangoproject.com/es/2.0/intro/tutorial01/#writing-your-first-django-app-part-1\\\\\\\"><b>\\\\u00b6</b></a></p><p>Aprendamos mediante el ejemplo.</p><p>A trav\\\\u00e9s de este tutorial le mostraremos c\\\\u00f3mo crear una aplicaci\\\\u00f3n de encuestas b\\\\u00e1sica.</p><p>Consistir\\\\u00e1 de dos partes:</p><ul><li>Un sitio p\\\\u00fablico que le permite a las personas ver sondeos y votar en ellos.</li><li>Un sitio admin que le permite a\\\\u00f1adir, modificar y borrar sondeos.</li></ul><p>Asumiremos que ya ha :doc:` instalado Django &lt;/intro/install&gt;`. Puede ver si Django est\\\\u00e1 instalado, as\\\\u00ed como su versi\\\\u00f3n ejecutando el siguiente comando (se\\\\u00f1alado por el prefijo $):</p><p><b>$</b> python -m django --version<br/></p><p>Si Django est\\\\u00e1 instalado, deber\\\\u00eda ver la versi\\\\u00f3n de su instalaci\\\\u00f3n. Si no es as\\\\u00ed, obtendr\\\\u00e1 un error indicando que \\\\u00abNo existe el m\\\\u00f3dulo llamado Django\\\\u00bb.</p><p>Este tutorial fue escrito para Django 2.0, que soporta Python 3.4 y superior. Si la versi\\\\u00f3n de Django no coincide te puedes referir al tutorial para tu versi\\\\u00f3n de Django usando el conmutador en la esquina de abajo a la derecha o actualizar Django a la \\\\u00faltima versi\\\\u00f3n. Si usas una versi\\\\u00f3n m\\\\u00e1s vieja de Python revisa <a href=\\\\\\\"https://docs.djangoproject.com/es/2.0/faq/install/#faq-python-version-support\\\\\\\">\\\\u00bfQu\\\\u00e9 versi\\\\u00f3n de Python puedo usar con Django?</a> para encontrar una versi\\\\u00f3n compatible de Django.</p><p>Consulte <a href=\\\\\\\"https://docs.djangoproject.com/es/2.0/topics/install/\\\\\\\">C\\\\u00f3mo instalar Django</a> para obtener informaci\\\\u00f3n sobre c\\\\u00f3mo desinstalar versiones anteriores de Django e instalar una versi\\\\u00f3n m\\\\u00e1s reciente.</p><p><b>D\\\\u00f3nde obtener ayuda:</b></p><p>Si tiene problemas leyendo este tutorial, por favor env\\\\u00ede un mensaje a django-users| o visite #django on irc.freenode.net para chatear con otros usuarios de Django que puedan ayudar.</p><h2>Creando un proyecto<a href=\\\\\\\"https://docs.djangoproject.com/es/2.0/intro/tutorial01/#creating-a-project\\\\\\\"><b>\\\\u00b6</b></a></h2><p>Si esta es la primera vez que utiliza Django, tendr\\\\u00e1 que hacerse cargo de ciertas configuraciones iniciales. Concretamente, tendr\\\\u00e1 que autogenerar un c\\\\u00f3digo que establezca un Django <a href=\\\\\\\"https://docs.djangoproject.com/es/2.0/glossary/#term-project\\\\\\\">project</a> \\\\u2013 un conjunto de ajustes para una instancia de Django, incluida la configuraci\\\\u00f3n de la base de datos, opciones espec\\\\u00edficas de Django y configuraciones espec\\\\u00edficas de la aplicaci\\\\u00f3n.</p><p>Desde la l\\\\u00ednea de comandos, cambie a un directorio donde le gustar\\\\u00eda almacenar su c\\\\u00f3digo, luego, ejecute el siguiente comando:</p><p><b>$</b> django-admin startproject mysite<br/></p><p>Esto crear\\\\u00e1 un directorio mysite en su directorio actual. Si no funcion\\\\u00f3, consulte <a href=\\\\\\\"https://docs.djangoproject.com/es/2.0/faq/troubleshooting/#troubleshooting-django-admin\\\\\\\">Problemas ejecutando django-admin</a>.</p><p><b>Nota</b></p><p>Tendr\\\\u00e1 que evitar darle nombres a sus proyectos que sean iguales a los de otros componentes integrados de Python o Django. En particular, esto quiere decir que debe evitar usar nombres como django (que entrar\\\\u00e1 en conflicto con Django mismo) o test (que entrar\\\\u00e1 en conflicto con un paquete interno de Python).</p><p><b>\\\\u00bfD\\\\u00f3nde deber\\\\u00eda estar este c\\\\u00f3digo?</b></p><p>Si su experiencia previa es con el PHP de siempre (sin haber usado frameworks modernos) probablemente est\\\\u00e9 acostumbrado a ubicar el c\\\\u00f3digo en la ra\\\\u00edz del documento del servidor Web (en un lugar como /var/www). Con Django esto no es as\\\\u00ed. No es buena idea poner ning\\\\u00fan c\\\\u00f3digo Python en la ra\\\\u00edz del documento del servidor Web porque existe la posibilidad de que otras personas puedan ver su c\\\\u00f3digo en la Web. Eso no es bueno en t\\\\u00e9rminos de seguridad.</p><p>Introduzca su c\\\\u00f3digo en alg\\\\u00fan directorio <b>fuera</b> del elemento ra\\\\u00edz del documento, como por ejemplo /home/mycode.</p><p>Veamos lo que el comando <a href=\\\\\\\"https://docs.djangoproject.com/es/2.0/ref/django-admin/#django-admin-startproject\\\\\\\">startproject</a> cre\\\\u00f3:</p><p>mysite/<br/>    manage.py<br/>    mysite/<br/>        __init__.py<br/>        settings.py<br/>        urls.py<br/>        wsgi.py<br/></p><p>Estos archivos son:</p><ul><li>El directorio ra\\\\u00edz externo mysite/ solo es un contenedor de su proyecto. Su nombre no es relevante para Django; usted puede cambiarle el nombre a lo que quiera.</li><li>manage.py: Una utilidad de la l\\\\u00ednea de comandos que le permite interactuar con este proyecto Django de diferentes formas. Puede leer todos los detalles sobre <a href=\\\\\\\"https://docs.djangoproject.com/es/2.0/intro/tutorial01/#id1\\\\\\\">:archivo:`manage.py`</a> en el :doc: :/ref/django-admin.</li><li>En interior del directorio mysite/ es el propio paquete de Python para su proyecto. Su nombre es el nombre del paquete de Python que usted tendr\\\\u00e1 que utilizar para importar todo dentro de este (por ejemplo, mysite.urls).</li><li>mysite/__init__.py: An empty file that tells Python that this directory should be considered a Python package. If you\\\\u2019re a Python beginner, read <a href=\\\\\\\"https://docs.python.org/3/tutorial/modules.html#tut-packages\\\\\\\">more about packages</a> in the official Python docs.</li><li>mysite/settings.py: Settings/configuration for this Django project. <a href=\\\\\\\"https://docs.djangoproject.com/es/2.0/topics/settings/\\\\\\\">Django settings</a> will tell you all about how settings work.</li><li>mysite/urls.py: Las declaraciones URL para este proyecto Django; una \\\\u00abtabla de contenidos\\\\u00bb de su sitio basado en Django. Puede leer m\\\\u00e1s sobre las URLs en <a href=\\\\\\\"https://docs.djangoproject.com/es/2.0/topics/http/urls/\\\\\\\">URL dispatcher</a>.</li><li>mysite/wsgi.py: Un punto de entrada para que los servidores web compatibles con WSGI puedan servir su proyecto. Consulte :doc:<a href=\\\\\\\"https://docs.djangoproject.com/es/2.0/intro/tutorial01/#id1\\\\\\\">`</a>/howto/deployment/wsgi/index`para m\\\\u00e1s detalles.</li></ul><h2>El servidor de desarrollo<a href=\\\\\\\"https://docs.djangoproject.com/es/2.0/intro/tutorial01/#the-development-server\\\\\\\"><b>\\\\u00b6</b></a></h2><p>Comprobemos que su proyecto Django funciona. Cambie al directorio externo mysite, si todav\\\\u00eda no lo ha hecho, y ejecute los siguientes comandos:</p><p><b>$</b> python manage.py runserver<br/></p><p>Ver\\\\u00e1 la siguiente salida en la l\\\\u00ednea de comandos:</p><p>Performing system checks...<br/><br/>System check identified no issues (0 silenced).<br/><br/>You have unapplied migrations; your app may not work properly until they are applied.<br/>Run &#x27;python manage.py migrate&#x27; to apply them.<br/><br/>abril 11, 2018 - 15:50:53<br/>Django version 2.0, using settings &#x27;mysite.settings&#x27;<br/>Starting development server at <a href=\\\\\\\"http://127.0.0.1:8000/\\\\\\\">http://127.0.0.1:8000/</a><br/>Quit the server with CONTROL-C.<br/></p><p><b>Nota</b></p><p>Ignore por ahora la advertencia sobre las migraciones de bases de datos sin aplicar, nos ocuparemos de la base de datos dentro de poco.</p><p>Usted ha iniciado el servidor en desarrollo de Django, un servidor web ligero escrito puramente en Python. Lo hemos incluido con Django para que pueda desarrollar cosas r\\\\u00e1pidamente sin tener que lidiar con la configuraci\\\\u00f3n de un servidor en producci\\\\u00f3n, como Apache, hasta que est\\\\u00e9 listo para la producci\\\\u00f3n.</p><p>Ahora es un buen momento para tener en cuenta que: <b>no</b> debe utilizar este servidor en algo parecido a un entorno de producci\\\\u00f3n. Est\\\\u00e1 pensado s\\\\u00f3lo para usarse durante el desarrollo (nuestro trabajo es crear frameworks Web , no servidores web.)</p><p>Ahora que el servidor est\\\\u00e1 funcionando, visite <a href=\\\\\\\"http://127.0.0.1:8000/\\\\\\\">http://127.0.0.1:8000/</a> con su navegador Web. Ver\\\\u00e1 la p\\\\u00e1gina \\\\u00abFelicitaciones!\\\\u00bb, con un cohete despegando. \\\\u00a1Funcion\\\\u00f3!</p><p><b>Cambiando el puerto</b></p><p>De forma predeterminada, el comando <a href=\\\\\\\"https://docs.djangoproject.com/es/2.0/ref/django-admin/#django-admin-runserver\\\\\\\">runserver</a> inicia el servidor de desarrollo en la IP interna en el puerto 8000.</p><p>Si desea cambiar el puerto del servidor, p\\\\u00e1salo como un argumento de la l\\\\u00ednea de comandos. Por ejemplo, este comando inicia el servidor en el puerto 8080:</p><p><b>$</b> python manage.py runserver 8080<br/></p><p>Si desea cambiar la IP del servidor, p\\\\u00e1sela junto con el puerto. Por ejemplo para escuchar en todas las IPs p\\\\u00fablicas (\\\\u00fatil si usted est\\\\u00e1 ejecutando Vagrant o quiere mostrar su trabajo en otros equipos de la red), utilice:</p><p><b>$</b> python manage.py runserver 0:8000<br/></p><p><b>0</b> es un atajo para <b>0.0.0.0</b>. La documentacion completa de el servidor de desarrollo se encuentra en la referencia de <a href=\\\\\\\"https://docs.djangoproject.com/es/2.0/ref/django-admin/#django-admin-runserver\\\\\\\">runserver</a>.</p><p><b>Recarga autom\\\\u00e1tica del comando</b> <a href=\\\\\\\"https://docs.djangoproject.com/es/2.0/ref/django-admin/#django-admin-runserver\\\\\\\"><b>runserver</b></a></p><p>El servidor de desarrollo recarga de forma autom\\\\u00e1tica el c\\\\u00f3digo Python para cada petici\\\\u00f3n cuando sea necesario. No es necesario reiniciar el servidor para que los cambios de c\\\\u00f3digo surtan efecto. Sin embargo, algunas acciones como la adici\\\\u00f3n de archivos no provoca un reinicio, por lo que tendr\\\\u00e1 que reiniciar el servidor en estos casos.</p><h2>Creando la aplicaci\\\\u00f3n encuestas<a href=\\\\\\\"https://docs.djangoproject.com/es/2.0/intro/tutorial01/#creating-the-polls-app\\\\\\\"><b>\\\\u00b6</b></a></h2><p>Ahora que su entorno, un \\\\u00abproyecto\\\\u00bb, se ha configurado, ya est\\\\u00e1 listo para empezar a trabajar.</p><p>Cada aplicaci\\\\u00f3n que usted escribe en Django consiste en un paquete de Python que sigue una determinada convenci\\\\u00f3n. Django tiene una utilidad que genera autom\\\\u00e1ticamente la estructura b\\\\u00e1sica de directorios de una aplicaci\\\\u00f3n, por lo que usted puede centrarse en la escritura de c\\\\u00f3digo en lugar de crear directorios.</p><p><b>Proyectos vs. aplicaciones</b></p><p>\\\\u00bfCu\\\\u00e1l es la diferencia entre un proyecto y una aplicaci\\\\u00f3n? Una app es una aplicaci\\\\u00f3n web que hace algo, por ejemplo, un sistema de blog, una base de datos de registros p\\\\u00fablicos o una aplicaci\\\\u00f3n de encuesta simple. Un proyecto es un conjunto de configuraciones y aplicaciones para un sitio web determinado. Un proyecto puede contener aplicaciones m\\\\u00faltiples. Una aplicaci\\\\u00f3n puede estar en varios proyectos.</p><p>Sus aplicaciones se pueden ubicar en cualquier parte de su <a href=\\\\\\\"https://docs.djangoproject.com/es/2.0/intro/tutorial01/tut-searchpath\\\\\\\">ruta Python</a>. En este tutorial vamos a crear nuestra aplicaci\\\\u00f3n encuesta junto al archivo manage.py para que pueda ser importado como su propio m\\\\u00f3dulo de nivel superior, en lugar de un subm\\\\u00f3dulo de` mysite`.</p><p>Para crear su aplicaci\\\\u00f3n, aseg\\\\u00farese de que est\\\\u00e1 en el mismo directorio que el archivo manage.py y escriba este comando:</p><p><b>$</b> python manage.py startapp polls<br/></p><p>Eso va a crear un directorio polls que se presenta de la siguiente forma:</p><p>polls/<br/>    __init__.py<br/>    admin.py<br/>    apps.py<br/>    migrations/<br/>        __init__.py<br/>    models.py<br/>    tests.py<br/>    views.py<br/></p><p>Esta estructura de directorios almacenar\\\\u00e1 la aplicaci\\\\u00f3n encuesta.</p><h2>Escriba su primera vista<a href=\\\\\\\"https://docs.djangoproject.com/es/2.0/intro/tutorial01/#write-your-first-view\\\\\\\"><b>\\\\u00b6</b></a></h2><p>Vamos a escribir la primera vista. Abra el archivo polls/views.py y ponga el siguiente c\\\\u00f3digo Python en ella:</p><p>polls/views.py</p><p><b>from</b> <b>django.http</b> <b>import</b> HttpResponse<br/><br/><br/><b>def</b> index(request):<br/>    <b>return</b> HttpResponse(&quot;Hello, world. You&#x27;re at the polls index.&quot;)<br/></p><p>Esta es la vista m\\\\u00e1s simple posible en Django. Para llamar la vista, tenemos que asignarla a una URL y para ello necesitamos una URLconf.</p><p>Para crear una URLconf en el directorio encuestas, cree un archivo llamado urls.py. El directorio de su aplicaci\\\\u00f3n debe verse as\\\\u00ed:</p><p>polls/<br/>    __init__.py<br/>    admin.py<br/>    apps.py<br/>    migrations/<br/>        __init__.py<br/>    models.py<br/>    tests.py<br/>    urls.py<br/>    views.py<br/></p><p>Incluya el siguiente c\\\\u00f3digo en el archivo polls/urls.py:</p><p>polls/urls.py</p><p><b>from</b> <b>django.urls</b> <b>import</b> path<br/><br/><b>from</b> <b>.</b> <b>import</b> views<br/><br/>urlpatterns = [<br/>    path(&#x27;&#x27;, views.index, name=&#x27;index&#x27;),<br/>]<br/></p><p>El siguiente paso es se\\\\u00f1alar la URLconf ra\\\\u00edz en el m\\\\u00f3dulo polls.urls. En mysite/urls.py a\\\\u00f1ada un import para django.urls.include e inserte una <a href=\\\\\\\"https://docs.djangoproject.com/es/2.0/ref/urls/#django.urls.include\\\\\\\">include()</a> en la lista urlpatterns , para obtener:</p><p>mysite/urls.py</p><p><b>from</b> <b>django.contrib</b> <b>import</b> admin<br/><b>from</b> <b>django.urls</b> <b>import</b> include, path<br/><br/>urlpatterns = [<br/>    path(&#x27;polls/&#x27;, include(&#x27;polls.urls&#x27;)),<br/>    path(&#x27;admin/&#x27;, admin.site.urls),<br/>]<br/></p><p>La funci\\\\u00f3n <a href=\\\\\\\"https://docs.djangoproject.com/es/2.0/ref/urls/#django.urls.include\\\\\\\">include()</a> permite hacer referencia a otros URLconfs. Cada vez que Django encuentra <a href=\\\\\\\"https://docs.djangoproject.com/es/2.0/ref/urls/#django.urls.include\\\\\\\">include()</a> corta cualquier parte de la URL que coincide hasta ese punto y env\\\\u00eda la cadena restante a la URLconf incluida para seguir el proceso.</p><p>La idea detr\\\\u00e1s de <a href=\\\\\\\"https://docs.djangoproject.com/es/2.0/ref/urls/#django.urls.include\\\\\\\">include()</a> es facilitar la conexi\\\\u00f3n y ejecuci\\\\u00f3n inmediata de las URLs. Dado que las encuestas est\\\\u00e1n en su propia URLconf (polls/urls.py) se pueden ubicar en\\\\u00bb/polls/\\\\u00bb, \\\\u00ab/fun_polls /\\\\u00bb, \\\\u00ab/content/polls/\\\\u00bb o en cualquier otra ruta ra\\\\u00edz , y la aplicaci\\\\u00f3n todav\\\\u00eda seguir\\\\u00e1 funcionando.</p><p><b>Cu\\\\u00e1ndo utilizar</b> <a href=\\\\\\\"https://docs.djangoproject.com/es/2.0/ref/urls/#django.urls.include\\\\\\\"><b>include()</b></a></p><p>Siempre debe usar include() cuando incluye otros patrones de URL. admin.site.urls es la \\\\u00fanica excepci\\\\u00f3n a esto.</p><p>Usted ha enviado una vista index al URLconf. Comprobemos si funciona, ejecute el siguiente comando:</p><p><b>$</b> python manage.py runserver<br/></p><p>Vaya a <a href=\\\\\\\"http://localhost:8000/polls/\\\\\\\">http://localhost:8000/polls/</a> en su navegador, y usted deber\\\\u00eda ver el texto \\\\u00ab* Hola, mundo. Usted est\\\\u00e1 en el \\\\u00edndice de encuestas*.\\\\u00bb el cual defini\\\\u00f3 en la vista \\\\u00edndex.</p><p>La <a href=\\\\\\\"https://docs.djangoproject.com/es/2.0/ref/urls/#django.urls.path\\\\\\\">path()</a> funci\\\\u00f3n recibe cuatro argumentos, dos requeridos route y view; y dos opcionales kwargs y name. Este es el momento de revisar para que sirven estos argumentos.</p><h3><b>argumento</b> <a href=\\\\\\\"https://docs.djangoproject.com/es/2.0/ref/urls/#django.urls.path\\\\\\\"><b>path()</b></a><b>:</b> <b>route</b><a href=\\\\\\\"https://docs.djangoproject.com/es/2.0/intro/tutorial01/#path-argument-route\\\\\\\"><b>\\\\u00b6</b></a></h3><p>route es una cadena que contiene un patr\\\\u00f3n de URL. Cuando Django procesa una petici\\\\u00f3n comienza por el primer patr\\\\u00f3n en urlpatterns y continua hacia abajo por la lista comparando la URL solicitada con cada patr\\\\u00f3n hasta encontrar aquel que calza.</p><p>Tenga en cuenta que estas expresiones regulares no buscan par\\\\u00e1metros GET y POST o el nombre de dominio. Por ejemplo en una petici\\\\u00f3n a``https://www.example.com/myapp/, la URLconf buscar\\\\u00e1 ``myapp/. En una petici\\\\u00f3n a https://www.example.com/myapp/?page=3 la URLconf tambi\\\\u00e9n buscar\\\\u00e1 myapp/.</p><h3><b>argumento</b> <a href=\\\\\\\"https://docs.djangoproject.com/es/2.0/ref/urls/#django.urls.path\\\\\\\"><b>path()</b></a><b>:</b> <b>view</b><a href=\\\\\\\"https://docs.djangoproject.com/es/2.0/intro/tutorial01/#path-argument-view\\\\\\\"><b>\\\\u00b6</b></a></h3><p>Cuando Django encuentra una coincidencia de expresiones regulares llama a la funci\\\\u00f3n de la vista especificada con un objeto <a href=\\\\\\\"https://docs.djangoproject.com/es/2.0/ref/request-response/#django.http.HttpRequest\\\\\\\">HttpRequest</a> como primer argumento y cualquiera de los valores \\\\u201ccapturados\\\\u201d de la ruta como argumentos de palabra clave. Le daremos un ejemplo de esto en un momento.</p><h3><b>argumento</b> <a href=\\\\\\\"https://docs.djangoproject.com/es/2.0/ref/urls/#django.urls.path\\\\\\\"><b>path()</b></a><b>:</b> <b>kwargs</b><a href=\\\\\\\"https://docs.djangoproject.com/es/2.0/intro/tutorial01/#path-argument-kwargs\\\\\\\"><b>\\\\u00b6</b></a></h3><p>Los argumentos arbitrarios de palabra clave se pueden pasar en un diccionario a la vista destino. No vamos a utilizar esta funcionalidad de Django en el tutorial.</p><h3><b>argumento</b> <a href=\\\\\\\"https://docs.djangoproject.com/es/2.0/ref/urls/#django.urls.path\\\\\\\"><b>path()</b></a><b>:</b> <b>name</b><a href=\\\\\\\"https://docs.djangoproject.com/es/2.0/intro/tutorial01/#path-argument-name\\\\\\\"><b>\\\\u00b6</b></a></h3><p>Dar un nombre a su URL le permite referirse a ella de forma inequ\\\\u00edvoca desde otras partes de Django sobre todo desde las plantillas. Esta potente caracter\\\\u00edstica le permite realizar cambios globales en los patrones de URL de su proyecto modificando solo un \\\\u00fanico archivo.</p><p>Cuando se familiarice con el flujo b\\\\u00e1sico de solicitud y respuesta, lea <a href=\\\\\\\"https://docs.djangoproject.com/es/2.0/intro/tutorial02/\\\\\\\">la parte 2 del presente tutorial</a> para empezar a trabajar con la base de datos.</p>\\\", \\\"id\\\": \\\"1b8ba811-3912-4db2-87e6-92736278b939\\\"}, {\\\"type\\\": \\\"thumbnail\\\", \\\"value\\\": {\\\"image\\\": 3, \\\"url\\\": \\\"https://google.com\\\", \\\"media_type\\\": \\\"Image\\\", \\\"text\\\": \\\"pythonPy\\\"}, \\\"id\\\": \\\"1f13df85-6948-4496-a97a-edca7c3a7f0d\\\"}]\", \"tagged_items\": [], \"gallery_images\": []}", "approved_go_live_at": null}}, {"model": "wagtailcore.pagerevision", "pk": 22, "fields": {"page": 8, "submitted_for_moderation": false, "created_at": "2018-04-12T09:39:55.275Z", "user": 1, "content_json": "{\"pk\": 8, \"path\": \"0001000100010003\", \"depth\": 4, \"numchild\": 0, \"title\": \"Post 3 - Tutorial de Django\", \"draft_title\": \"Post 3 - Tutorial de nada\", \"slug\": \"eeee\", \"content_type\": 7, \"live\": true, \"has_unpublished_changes\": false, \"url_path\": \"/home/blog/eeee/\", \"owner\": 1, \"seo_title\": \"\", \"show_in_menus\": false, \"search_description\": \"\", \"go_live_at\": null, \"expire_at\": null, \"expired\": false, \"locked\": false, \"first_published_at\": \"2018-04-12T07:33:03.224Z\", \"last_published_at\": \"2018-04-12T09:39:42.785Z\", \"latest_revision_created_at\": \"2018-04-12T09:39:42.760Z\", \"live_revision\": 21, \"date\": \"2018-04-12\", \"excerpt\": \"\", \"body\": \"[{\\\"type\\\": \\\"heading\\\", \\\"value\\\": \\\"titulo\\\", \\\"id\\\": \\\"097195e7-347f-4ac1-805f-65a328cdbf99\\\"}, {\\\"type\\\": \\\"paragraph\\\", \\\"value\\\": \\\"<p>Escribiendo su primera aplicaci\\\\u00f3n en Django, parte 1<a href=\\\\\\\"https://docs.djangoproject.com/es/2.0/intro/tutorial01/#writing-your-first-django-app-part-1\\\\\\\"><b>\\\\u00b6</b></a></p><p>Aprendamos mediante el ejemplo.</p><p>A trav\\\\u00e9s de este tutorial le mostraremos c\\\\u00f3mo crear una aplicaci\\\\u00f3n de encuestas b\\\\u00e1sica.</p><p>Consistir\\\\u00e1 de dos partes:</p><ul><li>Un sitio p\\\\u00fablico que le permite a las personas ver sondeos y votar en ellos.</li><li>Un sitio admin que le permite a\\\\u00f1adir, modificar y borrar sondeos.</li></ul><p>Asumiremos que ya ha :doc:` instalado Django &lt;/intro/install&gt;`. Puede ver si Django est\\\\u00e1 instalado, as\\\\u00ed como su versi\\\\u00f3n ejecutando el siguiente comando (se\\\\u00f1alado por el prefijo $):</p><p><b>$</b> python -m django --version<br/></p><p>Si Django est\\\\u00e1 instalado, deber\\\\u00eda ver la versi\\\\u00f3n de su instalaci\\\\u00f3n. Si no es as\\\\u00ed, obtendr\\\\u00e1 un error indicando que \\\\u00abNo existe el m\\\\u00f3dulo llamado Django\\\\u00bb.</p><p>Este tutorial fue escrito para Django 2.0, que soporta Python 3.4 y superior. Si la versi\\\\u00f3n de Django no coincide te puedes referir al tutorial para tu versi\\\\u00f3n de Django usando el conmutador en la esquina de abajo a la derecha o actualizar Django a la \\\\u00faltima versi\\\\u00f3n. Si usas una versi\\\\u00f3n m\\\\u00e1s vieja de Python revisa <a href=\\\\\\\"https://docs.djangoproject.com/es/2.0/faq/install/#faq-python-version-support\\\\\\\">\\\\u00bfQu\\\\u00e9 versi\\\\u00f3n de Python puedo usar con Django?</a> para encontrar una versi\\\\u00f3n compatible de Django.</p><p>Consulte <a href=\\\\\\\"https://docs.djangoproject.com/es/2.0/topics/install/\\\\\\\">C\\\\u00f3mo instalar Django</a> para obtener informaci\\\\u00f3n sobre c\\\\u00f3mo desinstalar versiones anteriores de Django e instalar una versi\\\\u00f3n m\\\\u00e1s reciente.</p><p><b>D\\\\u00f3nde obtener ayuda:</b></p><p>Si tiene problemas leyendo este tutorial, por favor env\\\\u00ede un mensaje a django-users| o visite #django on irc.freenode.net para chatear con otros usuarios de Django que puedan ayudar.</p><h2>Creando un proyecto<a href=\\\\\\\"https://docs.djangoproject.com/es/2.0/intro/tutorial01/#creating-a-project\\\\\\\"><b>\\\\u00b6</b></a></h2><p>Si esta es la primera vez que utiliza Django, tendr\\\\u00e1 que hacerse cargo de ciertas configuraciones iniciales. Concretamente, tendr\\\\u00e1 que autogenerar un c\\\\u00f3digo que establezca un Django <a href=\\\\\\\"https://docs.djangoproject.com/es/2.0/glossary/#term-project\\\\\\\">project</a> \\\\u2013 un conjunto de ajustes para una instancia de Django, incluida la configuraci\\\\u00f3n de la base de datos, opciones espec\\\\u00edficas de Django y configuraciones espec\\\\u00edficas de la aplicaci\\\\u00f3n.</p><p>Desde la l\\\\u00ednea de comandos, cambie a un directorio donde le gustar\\\\u00eda almacenar su c\\\\u00f3digo, luego, ejecute el siguiente comando:</p><p><b>$</b> django-admin startproject mysite<br/></p><p>Esto crear\\\\u00e1 un directorio mysite en su directorio actual. Si no funcion\\\\u00f3, consulte <a href=\\\\\\\"https://docs.djangoproject.com/es/2.0/faq/troubleshooting/#troubleshooting-django-admin\\\\\\\">Problemas ejecutando django-admin</a>.</p><p><b>Nota</b></p><p>Tendr\\\\u00e1 que evitar darle nombres a sus proyectos que sean iguales a los de otros componentes integrados de Python o Django. En particular, esto quiere decir que debe evitar usar nombres como django (que entrar\\\\u00e1 en conflicto con Django mismo) o test (que entrar\\\\u00e1 en conflicto con un paquete interno de Python).</p><p><b>\\\\u00bfD\\\\u00f3nde deber\\\\u00eda estar este c\\\\u00f3digo?</b></p><p>Si su experiencia previa es con el PHP de siempre (sin haber usado frameworks modernos) probablemente est\\\\u00e9 acostumbrado a ubicar el c\\\\u00f3digo en la ra\\\\u00edz del documento del servidor Web (en un lugar como /var/www). Con Django esto no es as\\\\u00ed. No es buena idea poner ning\\\\u00fan c\\\\u00f3digo Python en la ra\\\\u00edz del documento del servidor Web porque existe la posibilidad de que otras personas puedan ver su c\\\\u00f3digo en la Web. Eso no es bueno en t\\\\u00e9rminos de seguridad.</p><p>Introduzca su c\\\\u00f3digo en alg\\\\u00fan directorio <b>fuera</b> del elemento ra\\\\u00edz del documento, como por ejemplo /home/mycode.</p><p>Veamos lo que el comando <a href=\\\\\\\"https://docs.djangoproject.com/es/2.0/ref/django-admin/#django-admin-startproject\\\\\\\">startproject</a> cre\\\\u00f3:</p><p>mysite/<br/> manage.py<br/> mysite/<br/> __init__.py<br/> settings.py<br/> urls.py<br/> wsgi.py<br/></p><p>Estos archivos son:</p><ul><li>El directorio ra\\\\u00edz externo mysite/ solo es un contenedor de su proyecto. Su nombre no es relevante para Django; usted puede cambiarle el nombre a lo que quiera.</li><li>manage.py: Una utilidad de la l\\\\u00ednea de comandos que le permite interactuar con este proyecto Django de diferentes formas. Puede leer todos los detalles sobre <a href=\\\\\\\"https://docs.djangoproject.com/es/2.0/intro/tutorial01/#id1\\\\\\\">:archivo:`manage.py`</a> en el :doc: :/ref/django-admin.</li><li>En interior del directorio mysite/ es el propio paquete de Python para su proyecto. Su nombre es el nombre del paquete de Python que usted tendr\\\\u00e1 que utilizar para importar todo dentro de este (por ejemplo, mysite.urls).</li><li>mysite/__init__.py: An empty file that tells Python that this directory should be considered a Python package. If you\\\\u2019re a Python beginner, read <a href=\\\\\\\"https://docs.python.org/3/tutorial/modules.html#tut-packages\\\\\\\">more about packages</a> in the official Python docs.</li><li>mysite/settings.py: Settings/configuration for this Django project. <a href=\\\\\\\"https://docs.djangoproject.com/es/2.0/topics/settings/\\\\\\\">Django settings</a> will tell you all about how settings work.</li><li>mysite/urls.py: Las declaraciones URL para este proyecto Django; una \\\\u00abtabla de contenidos\\\\u00bb de su sitio basado en Django. Puede leer m\\\\u00e1s sobre las URLs en <a href=\\\\\\\"https://docs.djangoproject.com/es/2.0/topics/http/urls/\\\\\\\">URL dispatcher</a>.</li><li>mysite/wsgi.py: Un punto de entrada para que los servidores web compatibles con WSGI puedan servir su proyecto. Consulte :doc:<a href=\\\\\\\"https://docs.djangoproject.com/es/2.0/intro/tutorial01/#id1\\\\\\\">`</a>/howto/deployment/wsgi/index`para m\\\\u00e1s detalles.</li></ul><h2>El servidor de desarrollo<a href=\\\\\\\"https://docs.djangoproject.com/es/2.0/intro/tutorial01/#the-development-server\\\\\\\"><b>\\\\u00b6</b></a></h2><p>Comprobemos que su proyecto Django funciona. Cambie al directorio externo mysite, si todav\\\\u00eda no lo ha hecho, y ejecute los siguientes comandos:</p><p><b>$</b> python manage.py runserver<br/></p><p>Ver\\\\u00e1 la siguiente salida en la l\\\\u00ednea de comandos:</p><p>Performing system checks...<br/><br/>System check identified no issues (0 silenced).<br/><br/>You have unapplied migrations; your app may not work properly until they are applied.<br/>Run &#x27;python manage.py migrate&#x27; to apply them.<br/><br/>abril 11, 2018 - 15:50:53<br/>Django version 2.0, using settings &#x27;mysite.settings&#x27;<br/>Starting development server at <a href=\\\\\\\"http://127.0.0.1:8000/\\\\\\\">http://127.0.0.1:8000/</a><br/>Quit the server with CONTROL-C.<br/></p><p><b>Nota</b></p><p>Ignore por ahora la advertencia sobre las migraciones de bases de datos sin aplicar, nos ocuparemos de la base de datos dentro de poco.</p><p>Usted ha iniciado el servidor en desarrollo de Django, un servidor web ligero escrito puramente en Python. Lo hemos incluido con Django para que pueda desarrollar cosas r\\\\u00e1pidamente sin tener que lidiar con la configuraci\\\\u00f3n de un servidor en producci\\\\u00f3n, como Apache, hasta que est\\\\u00e9 listo para la producci\\\\u00f3n.</p><p>Ahora es un buen momento para tener en cuenta que: <b>no</b> debe utilizar este servidor en algo parecido a un entorno de producci\\\\u00f3n. Est\\\\u00e1 pensado s\\\\u00f3lo para usarse durante el desarrollo (nuestro trabajo es crear frameworks Web , no servidores web.)</p><p>Ahora que el servidor est\\\\u00e1 funcionando, visite <a href=\\\\\\\"http://127.0.0.1:8000/\\\\\\\">http://127.0.0.1:8000/</a> con su navegador Web. Ver\\\\u00e1 la p\\\\u00e1gina \\\\u00abFelicitaciones!\\\\u00bb, con un cohete despegando. \\\\u00a1Funcion\\\\u00f3!</p><p><b>Cambiando el puerto</b></p><p>De forma predeterminada, el comando <a href=\\\\\\\"https://docs.djangoproject.com/es/2.0/ref/django-admin/#django-admin-runserver\\\\\\\">runserver</a> inicia el servidor de desarrollo en la IP interna en el puerto 8000.</p><p>Si desea cambiar el puerto del servidor, p\\\\u00e1salo como un argumento de la l\\\\u00ednea de comandos. Por ejemplo, este comando inicia el servidor en el puerto 8080:</p><p><b>$</b> python manage.py runserver 8080<br/></p><p>Si desea cambiar la IP del servidor, p\\\\u00e1sela junto con el puerto. Por ejemplo para escuchar en todas las IPs p\\\\u00fablicas (\\\\u00fatil si usted est\\\\u00e1 ejecutando Vagrant o quiere mostrar su trabajo en otros equipos de la red), utilice:</p><p><b>$</b> python manage.py runserver 0:8000<br/></p><p><b>0</b> es un atajo para <b>0.0.0.0</b>. La documentacion completa de el servidor de desarrollo se encuentra en la referencia de <a href=\\\\\\\"https://docs.djangoproject.com/es/2.0/ref/django-admin/#django-admin-runserver\\\\\\\">runserver</a>.</p><p><b>Recarga autom\\\\u00e1tica del comando</b> <a href=\\\\\\\"https://docs.djangoproject.com/es/2.0/ref/django-admin/#django-admin-runserver\\\\\\\"><b>runserver</b></a></p><p>El servidor de desarrollo recarga de forma autom\\\\u00e1tica el c\\\\u00f3digo Python para cada petici\\\\u00f3n cuando sea necesario. No es necesario reiniciar el servidor para que los cambios de c\\\\u00f3digo surtan efecto. Sin embargo, algunas acciones como la adici\\\\u00f3n de archivos no provoca un reinicio, por lo que tendr\\\\u00e1 que reiniciar el servidor en estos casos.</p><h2>Creando la aplicaci\\\\u00f3n encuestas<a href=\\\\\\\"https://docs.djangoproject.com/es/2.0/intro/tutorial01/#creating-the-polls-app\\\\\\\"><b>\\\\u00b6</b></a></h2><p>Ahora que su entorno, un \\\\u00abproyecto\\\\u00bb, se ha configurado, ya est\\\\u00e1 listo para empezar a trabajar.</p><p>Cada aplicaci\\\\u00f3n que usted escribe en Django consiste en un paquete de Python que sigue una determinada convenci\\\\u00f3n. Django tiene una utilidad que genera autom\\\\u00e1ticamente la estructura b\\\\u00e1sica de directorios de una aplicaci\\\\u00f3n, por lo que usted puede centrarse en la escritura de c\\\\u00f3digo en lugar de crear directorios.</p><p><b>Proyectos vs. aplicaciones</b></p><p>\\\\u00bfCu\\\\u00e1l es la diferencia entre un proyecto y una aplicaci\\\\u00f3n? Una app es una aplicaci\\\\u00f3n web que hace algo, por ejemplo, un sistema de blog, una base de datos de registros p\\\\u00fablicos o una aplicaci\\\\u00f3n de encuesta simple. Un proyecto es un conjunto de configuraciones y aplicaciones para un sitio web determinado. Un proyecto puede contener aplicaciones m\\\\u00faltiples. Una aplicaci\\\\u00f3n puede estar en varios proyectos.</p><p>Sus aplicaciones se pueden ubicar en cualquier parte de su <a href=\\\\\\\"https://docs.djangoproject.com/es/2.0/intro/tutorial01/tut-searchpath\\\\\\\">ruta Python</a>. En este tutorial vamos a crear nuestra aplicaci\\\\u00f3n encuesta junto al archivo manage.py para que pueda ser importado como su propio m\\\\u00f3dulo de nivel superior, en lugar de un subm\\\\u00f3dulo de` mysite`.</p><p>Para crear su aplicaci\\\\u00f3n, aseg\\\\u00farese de que est\\\\u00e1 en el mismo directorio que el archivo manage.py y escriba este comando:</p><p><b>$</b> python manage.py startapp polls<br/></p><p>Eso va a crear un directorio polls que se presenta de la siguiente forma:</p><p>polls/<br/> __init__.py<br/> admin.py<br/> apps.py<br/> migrations/<br/> __init__.py<br/> models.py<br/> tests.py<br/> views.py<br/></p><p>Esta estructura de directorios almacenar\\\\u00e1 la aplicaci\\\\u00f3n encuesta.</p><h2>Escriba su primera vista<a href=\\\\\\\"https://docs.djangoproject.com/es/2.0/intro/tutorial01/#write-your-first-view\\\\\\\"><b>\\\\u00b6</b></a></h2><p>Vamos a escribir la primera vista. Abra el archivo polls/views.py y ponga el siguiente c\\\\u00f3digo Python en ella:</p><p>polls/views.py</p><p><b>from</b> <b>django.http</b> <b>import</b> HttpResponse<br/><br/><br/><b>def</b> index(request):<br/> <b>return</b> HttpResponse(&quot;Hello, world. You&#x27;re at the polls index.&quot;)<br/></p><p>Esta es la vista m\\\\u00e1s simple posible en Django. Para llamar la vista, tenemos que asignarla a una URL y para ello necesitamos una URLconf.</p><p>Para crear una URLconf en el directorio encuestas, cree un archivo llamado urls.py. El directorio de su aplicaci\\\\u00f3n debe verse as\\\\u00ed:</p><p>polls/<br/> __init__.py<br/> admin.py<br/> apps.py<br/> migrations/<br/> __init__.py<br/> models.py<br/> tests.py<br/> urls.py<br/> views.py<br/></p><p>Incluya el siguiente c\\\\u00f3digo en el archivo polls/urls.py:</p><p>polls/urls.py</p><p><b>from</b> <b>django.urls</b> <b>import</b> path<br/><br/><b>from</b> <b>.</b> <b>import</b> views<br/><br/>urlpatterns = [<br/> path(&#x27;&#x27;, views.index, name=&#x27;index&#x27;),<br/>]<br/></p><p>El siguiente paso es se\\\\u00f1alar la URLconf ra\\\\u00edz en el m\\\\u00f3dulo polls.urls. En mysite/urls.py a\\\\u00f1ada un import para django.urls.include e inserte una <a href=\\\\\\\"https://docs.djangoproject.com/es/2.0/ref/urls/#django.urls.include\\\\\\\">include()</a> en la lista urlpatterns , para obtener:</p><p>mysite/urls.py</p><p><b>from</b> <b>django.contrib</b> <b>import</b> admin<br/><b>from</b> <b>django.urls</b> <b>import</b> include, path<br/><br/>urlpatterns = [<br/> path(&#x27;polls/&#x27;, include(&#x27;polls.urls&#x27;)),<br/> path(&#x27;admin/&#x27;, admin.site.urls),<br/>]<br/></p><p>La funci\\\\u00f3n <a href=\\\\\\\"https://docs.djangoproject.com/es/2.0/ref/urls/#django.urls.include\\\\\\\">include()</a> permite hacer referencia a otros URLconfs. Cada vez que Django encuentra <a href=\\\\\\\"https://docs.djangoproject.com/es/2.0/ref/urls/#django.urls.include\\\\\\\">include()</a> corta cualquier parte de la URL que coincide hasta ese punto y env\\\\u00eda la cadena restante a la URLconf incluida para seguir el proceso.</p><p>La idea detr\\\\u00e1s de <a href=\\\\\\\"https://docs.djangoproject.com/es/2.0/ref/urls/#django.urls.include\\\\\\\">include()</a> es facilitar la conexi\\\\u00f3n y ejecuci\\\\u00f3n inmediata de las URLs. Dado que las encuestas est\\\\u00e1n en su propia URLconf (polls/urls.py) se pueden ubicar en\\\\u00bb/polls/\\\\u00bb, \\\\u00ab/fun_polls /\\\\u00bb, \\\\u00ab/content/polls/\\\\u00bb o en cualquier otra ruta ra\\\\u00edz , y la aplicaci\\\\u00f3n todav\\\\u00eda seguir\\\\u00e1 funcionando.</p><p><b>Cu\\\\u00e1ndo utilizar</b> <a href=\\\\\\\"https://docs.djangoproject.com/es/2.0/ref/urls/#django.urls.include\\\\\\\"><b>include()</b></a></p><p>Siempre debe usar include() cuando incluye otros patrones de URL. admin.site.urls es la \\\\u00fanica excepci\\\\u00f3n a esto.</p><p>Usted ha enviado una vista index al URLconf. Comprobemos si funciona, ejecute el siguiente comando:</p><p><b>$</b> python manage.py runserver<br/></p><p>Vaya a <a href=\\\\\\\"http://localhost:8000/polls/\\\\\\\">http://localhost:8000/polls/</a> en su navegador, y usted deber\\\\u00eda ver el texto \\\\u00ab* Hola, mundo. Usted est\\\\u00e1 en el \\\\u00edndice de encuestas*.\\\\u00bb el cual defini\\\\u00f3 en la vista \\\\u00edndex.</p><p>La <a href=\\\\\\\"https://docs.djangoproject.com/es/2.0/ref/urls/#django.urls.path\\\\\\\">path()</a> funci\\\\u00f3n recibe cuatro argumentos, dos requeridos route y view; y dos opcionales kwargs y name. Este es el momento de revisar para que sirven estos argumentos.</p><h3><b>argumento</b> <a href=\\\\\\\"https://docs.djangoproject.com/es/2.0/ref/urls/#django.urls.path\\\\\\\"><b>path()</b></a><b>:</b> <b>route</b><a href=\\\\\\\"https://docs.djangoproject.com/es/2.0/intro/tutorial01/#path-argument-route\\\\\\\"><b>\\\\u00b6</b></a></h3><p>route es una cadena que contiene un patr\\\\u00f3n de URL. Cuando Django procesa una petici\\\\u00f3n comienza por el primer patr\\\\u00f3n en urlpatterns y continua hacia abajo por la lista comparando la URL solicitada con cada patr\\\\u00f3n hasta encontrar aquel que calza.</p><p>Tenga en cuenta que estas expresiones regulares no buscan par\\\\u00e1metros GET y POST o el nombre de dominio. Por ejemplo en una petici\\\\u00f3n a``https://www.example.com/myapp/, la URLconf buscar\\\\u00e1 ``myapp/. En una petici\\\\u00f3n a https://www.example.com/myapp/?page=3 la URLconf tambi\\\\u00e9n buscar\\\\u00e1 myapp/.</p><h3><b>argumento</b> <a href=\\\\\\\"https://docs.djangoproject.com/es/2.0/ref/urls/#django.urls.path\\\\\\\"><b>path()</b></a><b>:</b> <b>view</b><a href=\\\\\\\"https://docs.djangoproject.com/es/2.0/intro/tutorial01/#path-argument-view\\\\\\\"><b>\\\\u00b6</b></a></h3><p>Cuando Django encuentra una coincidencia de expresiones regulares llama a la funci\\\\u00f3n de la vista especificada con un objeto <a href=\\\\\\\"https://docs.djangoproject.com/es/2.0/ref/request-response/#django.http.HttpRequest\\\\\\\">HttpRequest</a> como primer argumento y cualquiera de los valores \\\\u201ccapturados\\\\u201d de la ruta como argumentos de palabra clave. Le daremos un ejemplo de esto en un momento.</p><h3><b>argumento</b> <a href=\\\\\\\"https://docs.djangoproject.com/es/2.0/ref/urls/#django.urls.path\\\\\\\"><b>path()</b></a><b>:</b> <b>kwargs</b><a href=\\\\\\\"https://docs.djangoproject.com/es/2.0/intro/tutorial01/#path-argument-kwargs\\\\\\\"><b>\\\\u00b6</b></a></h3><p>Los argumentos arbitrarios de palabra clave se pueden pasar en un diccionario a la vista destino. No vamos a utilizar esta funcionalidad de Django en el tutorial.</p><h3><b>argumento</b> <a href=\\\\\\\"https://docs.djangoproject.com/es/2.0/ref/urls/#django.urls.path\\\\\\\"><b>path()</b></a><b>:</b> <b>name</b><a href=\\\\\\\"https://docs.djangoproject.com/es/2.0/intro/tutorial01/#path-argument-name\\\\\\\"><b>\\\\u00b6</b></a></h3><p>Dar un nombre a su URL le permite referirse a ella de forma inequ\\\\u00edvoca desde otras partes de Django sobre todo desde las plantillas. Esta potente caracter\\\\u00edstica le permite realizar cambios globales en los patrones de URL de su proyecto modificando solo un \\\\u00fanico archivo.</p><p>Cuando se familiarice con el flujo b\\\\u00e1sico de solicitud y respuesta, lea <a href=\\\\\\\"https://docs.djangoproject.com/es/2.0/intro/tutorial02/\\\\\\\">la parte 2 del presente tutorial</a> para empezar a trabajar con la base de datos.</p>\\\", \\\"id\\\": \\\"1b8ba811-3912-4db2-87e6-92736278b939\\\"}, {\\\"type\\\": \\\"thumbnail\\\", \\\"value\\\": {\\\"image\\\": 3, \\\"url\\\": \\\"https://google.com\\\", \\\"media_type\\\": \\\"Image\\\", \\\"text\\\": \\\"pythonPy\\\"}, \\\"id\\\": \\\"1f13df85-6948-4496-a97a-edca7c3a7f0d\\\"}]\", \"tagged_items\": [], \"gallery_images\": []}", "approved_go_live_at": null}}, {"model": "wagtailcore.pagerevision", "pk": 23, "fields": {"page": 7, "submitted_for_moderation": false, "created_at": "2018-04-12T09:42:52.410Z", "user": 1, "content_json": "{\"pk\": 7, \"path\": \"0001000100010002\", \"depth\": 4, \"numchild\": 0, \"title\": \"post2\", \"draft_title\": \"post2\", \"slug\": \"post2\", \"content_type\": 7, \"live\": true, \"has_unpublished_changes\": false, \"url_path\": \"/home/blog/post2/\", \"owner\": 1, \"seo_title\": \"\", \"show_in_menus\": false, \"search_description\": \"\", \"go_live_at\": null, \"expire_at\": null, \"expired\": false, \"locked\": false, \"first_published_at\": \"2018-04-12T06:30:12.738Z\", \"last_published_at\": \"2018-04-12T06:30:12.738Z\", \"latest_revision_created_at\": \"2018-04-12T06:30:12.688Z\", \"live_revision\": 7, \"date\": \"2018-04-12\", \"excerpt\": \"extracto 2\", \"body\": \"[{\\\"type\\\": \\\"heading\\\", \\\"value\\\": \\\"Encabezado bla\\\", \\\"id\\\": \\\"2d86e483-0602-4cd7-99c9-f7560433a618\\\"}, {\\\"type\\\": \\\"paragraph\\\", \\\"value\\\": \\\"<p>rdrtyuertyu dtyu dtyu drtyu dyu dy udruy</p>\\\", \\\"id\\\": \\\"6494a02f-2d96-43a6-931f-fd67f602e7c6\\\"}, {\\\"type\\\": \\\"two_columns\\\", \\\"value\\\": {\\\"left_column\\\": [{\\\"type\\\": \\\"paragraph\\\", \\\"value\\\": \\\"<p>Columna 1</p>\\\", \\\"id\\\": \\\"7c4c2963-1e1a-4481-a04b-d4c085744b3c\\\"}], \\\"right_column\\\": [{\\\"type\\\": \\\"image\\\", \\\"value\\\": 3, \\\"id\\\": \\\"e9be3de4-69a8-48e7-9138-0ace008a0f03\\\"}]}, \\\"id\\\": \\\"9b812092-0644-4900-97b8-59e496f48a47\\\"}, {\\\"type\\\": \\\"paragraph\\\", \\\"value\\\": \\\"<p>otro parrafo</p>\\\", \\\"id\\\": \\\"9d76e6a2-bda1-4d87-a7b5-767ed9b6c6e6\\\"}, {\\\"type\\\": \\\"embedded_video\\\", \\\"value\\\": \\\"https://i.imgur.com/zxAixQF.mp4\\\", \\\"id\\\": \\\"87db6538-6920-4fd0-8d1d-37de0482005b\\\"}]\", \"tagged_items\": [], \"gallery_images\": []}", "approved_go_live_at": null}}, {"model": "wagtailcore.pagerevision", "pk": 24, "fields": {"page": 7, "submitted_for_moderation": false, "created_at": "2018-04-12T09:43:15.915Z", "user": 1, "content_json": "{\"pk\": 7, \"path\": \"0001000100010002\", \"depth\": 4, \"numchild\": 0, \"title\": \"Post 2 - prueba de widgets\", \"draft_title\": \"post2\", \"slug\": \"post2\", \"content_type\": 7, \"live\": true, \"has_unpublished_changes\": false, \"url_path\": \"/home/blog/post2/\", \"owner\": 1, \"seo_title\": \"\", \"show_in_menus\": false, \"search_description\": \"\", \"go_live_at\": null, \"expire_at\": null, \"expired\": false, \"locked\": false, \"first_published_at\": \"2018-04-12T06:30:12.738Z\", \"last_published_at\": \"2018-04-12T09:42:52.432Z\", \"latest_revision_created_at\": \"2018-04-12T09:42:52.410Z\", \"live_revision\": 23, \"date\": \"2018-04-12\", \"excerpt\": \"extracto 2\", \"body\": \"[{\\\"type\\\": \\\"heading\\\", \\\"value\\\": \\\"Encabezado bla\\\", \\\"id\\\": \\\"2d86e483-0602-4cd7-99c9-f7560433a618\\\"}, {\\\"type\\\": \\\"paragraph\\\", \\\"value\\\": \\\"<p>rdrtyuertyu dtyu dtyu drtyu dyu dy udruy</p>\\\", \\\"id\\\": \\\"6494a02f-2d96-43a6-931f-fd67f602e7c6\\\"}, {\\\"type\\\": \\\"two_columns\\\", \\\"value\\\": {\\\"left_column\\\": [{\\\"type\\\": \\\"paragraph\\\", \\\"value\\\": \\\"<p>Columna 1</p>\\\", \\\"id\\\": \\\"7c4c2963-1e1a-4481-a04b-d4c085744b3c\\\"}], \\\"right_column\\\": [{\\\"type\\\": \\\"image\\\", \\\"value\\\": 3, \\\"id\\\": \\\"e9be3de4-69a8-48e7-9138-0ace008a0f03\\\"}]}, \\\"id\\\": \\\"9b812092-0644-4900-97b8-59e496f48a47\\\"}, {\\\"type\\\": \\\"paragraph\\\", \\\"value\\\": \\\"<p>otro parrafo</p>\\\", \\\"id\\\": \\\"9d76e6a2-bda1-4d87-a7b5-767ed9b6c6e6\\\"}, {\\\"type\\\": \\\"embedded_video\\\", \\\"value\\\": \\\"https://i.imgur.com/zxAixQF.mp4\\\", \\\"id\\\": \\\"87db6538-6920-4fd0-8d1d-37de0482005b\\\"}]\", \"tagged_items\": [], \"gallery_images\": []}", "approved_go_live_at": null}}, {"model": "wagtailcore.page", "pk": 1, "fields": {"path": "0001", "depth": 1, "numchild": 1, "title": "Root", "draft_title": "Root", "slug": "root", "content_type": 1, "live": true, "has_unpublished_changes": false, "url_path": "/", "owner": null, "seo_title": "", "show_in_menus": false, "search_description": "", "go_live_at": null, "expire_at": null, "expired": false, "locked": false, "first_published_at": null, "last_published_at": null, "latest_revision_created_at": null, "live_revision": null}}, {"model": "wagtailcore.page", "pk": 3, "fields": {"path": "00010001", "depth": 2, "numchild": 4, "title": "Home", "draft_title": "Home", "slug": "home", "content_type": 3, "live": true, "has_unpublished_changes": false, "url_path": "/home/", "owner": null, "seo_title": "", "show_in_menus": true, "search_description": "", "go_live_at": null, "expire_at": null, "expired": false, "locked": false, "first_published_at": "2018-04-12T09:10:58.695Z", "last_published_at": "2018-04-12T09:10:58.695Z", "latest_revision_created_at": "2018-04-12T09:10:58.673Z", "live_revision": 19}}, {"model": "wagtailcore.page", "pk": 4, "fields": {"path": "000100010001", "depth": 3, "numchild": 3, "title": "Blog", "draft_title": "Blog", "slug": "blog", "content_type": 6, "live": true, "has_unpublished_changes": false, "url_path": "/home/blog/", "owner": 1, "seo_title": "", "show_in_menus": true, "search_description": "", "go_live_at": null, "expire_at": null, "expired": false, "locked": false, "first_published_at": "2018-04-12T05:32:59.537Z", "last_published_at": "2018-04-12T08:50:15.297Z", "latest_revision_created_at": "2018-04-12T08:50:15.263Z", "live_revision": 14}}, {"model": "wagtailcore.page", "pk": 6, "fields": {"path": "0001000100010001", "depth": 4, "numchild": 0, "title": "Post 1", "draft_title": "Post 1", "slug": "post-1", "content_type": 7, "live": true, "has_unpublished_changes": false, "url_path": "/home/blog/post-1/", "owner": 1, "seo_title": "", "show_in_menus": false, "search_description": "", "go_live_at": null, "expire_at": null, "expired": false, "locked": false, "first_published_at": "2018-04-12T05:50:08.038Z", "last_published_at": "2018-04-12T05:55:15.410Z", "latest_revision_created_at": "2018-04-12T05:55:15.384Z", "live_revision": 6}}, {"model": "wagtailcore.page", "pk": 7, "fields": {"path": "0001000100010002", "depth": 4, "numchild": 0, "title": "Post 2 - prueba de widgets", "draft_title": "Post 2 - prueba de widgets", "slug": "post2", "content_type": 7, "live": true, "has_unpublished_changes": false, "url_path": "/home/blog/post2/", "owner": 1, "seo_title": "", "show_in_menus": false, "search_description": "", "go_live_at": null, "expire_at": null, "expired": false, "locked": false, "first_published_at": "2018-04-12T06:30:12.738Z", "last_published_at": "2018-04-12T09:43:15.939Z", "latest_revision_created_at": "2018-04-12T09:43:15.915Z", "live_revision": 24}}, {"model": "wagtailcore.page", "pk": 8, "fields": {"path": "0001000100010003", "depth": 4, "numchild": 0, "title": "Post 3 - Tutorial de Django", "draft_title": "Post 3 - Tutorial de Django", "slug": "eeee", "content_type": 7, "live": true, "has_unpublished_changes": false, "url_path": "/home/blog/eeee/", "owner": 1, "seo_title": "", "show_in_menus": false, "search_description": "", "go_live_at": null, "expire_at": null, "expired": false, "locked": false, "first_published_at": "2018-04-12T07:33:03.224Z", "last_published_at": "2018-04-12T09:39:55.295Z", "latest_revision_created_at": "2018-04-12T09:39:55.275Z", "live_revision": 22}}, {"model": "wagtailcore.page", "pk": 10, "fields": {"path": "000100010002", "depth": 3, "numchild": 0, "title": "Acerca de", "draft_title": "Acerca de", "slug": "acerca-de", "content_type": 33, "live": true, "has_unpublished_changes": false, "url_path": "/home/acerca-de/", "owner": 1, "seo_title": "", "show_in_menus": true, "search_description": "", "go_live_at": null, "expire_at": null, "expired": false, "locked": false, "first_published_at": "2018-04-12T07:53:11.299Z", "last_published_at": "2018-04-12T08:50:25.678Z", "latest_revision_created_at": "2018-04-12T08:50:25.647Z", "live_revision": 15}}, {"model": "wagtailcore.page", "pk": 11, "fields": {"path": "000100010003", "depth": 3, "numchild": 0, "title": "FAQ", "draft_title": "FAQ", "slug": "faq", "content_type": 33, "live": true, "has_unpublished_changes": false, "url_path": "/home/faq/", "owner": 1, "seo_title": "", "show_in_menus": true, "search_description": "", "go_live_at": null, "expire_at": null, "expired": false, "locked": false, "first_published_at": "2018-04-12T07:54:24.441Z", "last_published_at": "2018-04-12T08:50:43.886Z", "latest_revision_created_at": "2018-04-12T08:50:43.860Z", "live_revision": 16}}, {"model": "wagtailcore.page", "pk": 12, "fields": {"path": "000100010004", "depth": 3, "numchild": 0, "title": "Contacto", "draft_title": "Contacto", "slug": "contacto", "content_type": 33, "live": true, "has_unpublished_changes": false, "url_path": "/home/contacto/", "owner": 1, "seo_title": "", "show_in_menus": false, "search_description": "", "go_live_at": null, "expire_at": null, "expired": false, "locked": false, "first_published_at": "2018-04-12T08:59:37.898Z", "last_published_at": "2018-04-12T09:37:56.333Z", "latest_revision_created_at": "2018-04-12T09:37:56.309Z", "live_revision": 20}}, {"model": "wagtailimages.image", "pk": 1, "fields": {"collection": 1, "title": "docker", "file": "original_images/Docker_logo.png", "width": 1000, "height": 839, "created_at": "2018-04-12T05:47:35.206Z", "uploaded_by_user": 1, "focal_point_x": 423, "focal_point_y": 350, "focal_point_width": 458, "focal_point_height": 408, "file_size": 192314}}, {"model": "wagtailimages.image", "pk": 2, "fields": {"collection": 1, "title": "codium", "file": "original_images/logo3.png", "width": 478, "height": 149, "created_at": "2018-04-12T05:48:12.466Z", "uploaded_by_user": 1, "focal_point_x": null, "focal_point_y": null, "focal_point_width": null, "focal_point_height": null, "file_size": null}}, {"model": "wagtailimages.image", "pk": 3, "fields": {"collection": 1, "title": "Iso PythonPy", "file": "original_images/logoiso.png", "width": 745, "height": 745, "created_at": "2018-04-12T06:28:04.166Z", "uploaded_by_user": 1, "focal_point_x": null, "focal_point_y": null, "focal_point_width": null, "focal_point_height": null, "file_size": null}}, {"model": "wagtailusers.userprofile", "pk": 1, "fields": {"user": 1, "submitted_notifications": true, "approved_notifications": true, "rejected_notifications": true, "preferred_language": "es"}}, {"model": "blog.blogpage", "pk": 6, "fields": {"date": "2018-04-12", "excerpt": "extracto bla bla", "body": "[{\"type\": \"heading\", \"value\": \"Encabezado bla\", \"id\": \"3484770e-c0d2-4b0f-aa6e-ef9f0fe7385e\"}, {\"type\": \"paragraph\", \"value\": \"<p>Primer parrafo etc</p>\", \"id\": \"3e3a5390-fb6a-4729-9964-dd881404ea66\"}, {\"type\": \"image\", \"value\": 1, \"id\": \"9d06cc76-a0be-4d0a-81e4-a97686cfc60d\"}, {\"type\": \"paragraph\", \"value\": \"<p>Parraafoooo 2 sdfjn 23lk .</p><embed alt=\\\"codium\\\" embedtype=\\\"image\\\" format=\\\"left\\\" id=\\\"2\\\"/><p></p>\", \"id\": \"aecd91ea-e143-431e-a7e4-397442428f7c\"}, {\"type\": \"paragraph\", \"value\": \"<p>tercer parrafo</p>\", \"id\": \"6467fcee-1c39-410a-973d-0a3038b0697d\"}]"}}, {"model": "blog.blogpage", "pk": 7, "fields": {"date": "2018-04-12", "excerpt": "extracto 2", "body": "[{\"type\": \"heading\", \"value\": \"Encabezado bla\", \"id\": \"2d86e483-0602-4cd7-99c9-f7560433a618\"}, {\"type\": \"paragraph\", \"value\": \"<p>rdrtyuertyu dtyu dtyu drtyu dyu dy udruy</p>\", \"id\": \"6494a02f-2d96-43a6-931f-fd67f602e7c6\"}, {\"type\": \"two_columns\", \"value\": {\"left_column\": [{\"type\": \"paragraph\", \"value\": \"<p>Columna 1</p>\", \"id\": \"7c4c2963-1e1a-4481-a04b-d4c085744b3c\"}], \"right_column\": [{\"type\": \"image\", \"value\": 3, \"id\": \"e9be3de4-69a8-48e7-9138-0ace008a0f03\"}]}, \"id\": \"9b812092-0644-4900-97b8-59e496f48a47\"}, {\"type\": \"paragraph\", \"value\": \"<p>otro parrafo</p>\", \"id\": \"9d76e6a2-bda1-4d87-a7b5-767ed9b6c6e6\"}, {\"type\": \"embedded_video\", \"value\": \"https://i.imgur.com/zxAixQF.mp4\", \"id\": \"87db6538-6920-4fd0-8d1d-37de0482005b\"}]"}}, {"model": "blog.blogpage", "pk": 8, "fields": {"date": "2018-04-12", "excerpt": "", "body": "[{\"type\": \"heading\", \"value\": \"titulo\", \"id\": \"097195e7-347f-4ac1-805f-65a328cdbf99\"}, {\"type\": \"paragraph\", \"value\": \"<p>Escribiendo su primera aplicaci\\u00f3n en Django, parte 1<a href=\\\"https://docs.djangoproject.com/es/2.0/intro/tutorial01/#writing-your-first-django-app-part-1\\\"><b>\\u00b6</b></a></p><p>Aprendamos mediante el ejemplo.</p><p>A trav\\u00e9s de este tutorial le mostraremos c\\u00f3mo crear una aplicaci\\u00f3n de encuestas b\\u00e1sica.</p><p>Consistir\\u00e1 de dos partes:</p><ul><li>Un sitio p\\u00fablico que le permite a las personas ver sondeos y votar en ellos.</li><li>Un sitio admin que le permite a\\u00f1adir, modificar y borrar sondeos.</li></ul><p>Asumiremos que ya ha :doc:` instalado Django &lt;/intro/install&gt;`. Puede ver si Django est\\u00e1 instalado, as\\u00ed como su versi\\u00f3n ejecutando el siguiente comando (se\\u00f1alado por el prefijo $):</p><p><b>$</b> python -m django --version<br/></p><p>Si Django est\\u00e1 instalado, deber\\u00eda ver la versi\\u00f3n de su instalaci\\u00f3n. Si no es as\\u00ed, obtendr\\u00e1 un error indicando que \\u00abNo existe el m\\u00f3dulo llamado Django\\u00bb.</p><p>Este tutorial fue escrito para Django 2.0, que soporta Python 3.4 y superior. Si la versi\\u00f3n de Django no coincide te puedes referir al tutorial para tu versi\\u00f3n de Django usando el conmutador en la esquina de abajo a la derecha o actualizar Django a la \\u00faltima versi\\u00f3n. Si usas una versi\\u00f3n m\\u00e1s vieja de Python revisa <a href=\\\"https://docs.djangoproject.com/es/2.0/faq/install/#faq-python-version-support\\\">\\u00bfQu\\u00e9 versi\\u00f3n de Python puedo usar con Django?</a> para encontrar una versi\\u00f3n compatible de Django.</p><p>Consulte <a href=\\\"https://docs.djangoproject.com/es/2.0/topics/install/\\\">C\\u00f3mo instalar Django</a> para obtener informaci\\u00f3n sobre c\\u00f3mo desinstalar versiones anteriores de Django e instalar una versi\\u00f3n m\\u00e1s reciente.</p><p><b>D\\u00f3nde obtener ayuda:</b></p><p>Si tiene problemas leyendo este tutorial, por favor env\\u00ede un mensaje a django-users| o visite #django on irc.freenode.net para chatear con otros usuarios de Django que puedan ayudar.</p><h2>Creando un proyecto<a href=\\\"https://docs.djangoproject.com/es/2.0/intro/tutorial01/#creating-a-project\\\"><b>\\u00b6</b></a></h2><p>Si esta es la primera vez que utiliza Django, tendr\\u00e1 que hacerse cargo de ciertas configuraciones iniciales. Concretamente, tendr\\u00e1 que autogenerar un c\\u00f3digo que establezca un Django <a href=\\\"https://docs.djangoproject.com/es/2.0/glossary/#term-project\\\">project</a> \\u2013 un conjunto de ajustes para una instancia de Django, incluida la configuraci\\u00f3n de la base de datos, opciones espec\\u00edficas de Django y configuraciones espec\\u00edficas de la aplicaci\\u00f3n.</p><p>Desde la l\\u00ednea de comandos, cambie a un directorio donde le gustar\\u00eda almacenar su c\\u00f3digo, luego, ejecute el siguiente comando:</p><p><b>$</b> django-admin startproject mysite<br/></p><p>Esto crear\\u00e1 un directorio mysite en su directorio actual. Si no funcion\\u00f3, consulte <a href=\\\"https://docs.djangoproject.com/es/2.0/faq/troubleshooting/#troubleshooting-django-admin\\\">Problemas ejecutando django-admin</a>.</p><p><b>Nota</b></p><p>Tendr\\u00e1 que evitar darle nombres a sus proyectos que sean iguales a los de otros componentes integrados de Python o Django. En particular, esto quiere decir que debe evitar usar nombres como django (que entrar\\u00e1 en conflicto con Django mismo) o test (que entrar\\u00e1 en conflicto con un paquete interno de Python).</p><p><b>\\u00bfD\\u00f3nde deber\\u00eda estar este c\\u00f3digo?</b></p><p>Si su experiencia previa es con el PHP de siempre (sin haber usado frameworks modernos) probablemente est\\u00e9 acostumbrado a ubicar el c\\u00f3digo en la ra\\u00edz del documento del servidor Web (en un lugar como /var/www). Con Django esto no es as\\u00ed. No es buena idea poner ning\\u00fan c\\u00f3digo Python en la ra\\u00edz del documento del servidor Web porque existe la posibilidad de que otras personas puedan ver su c\\u00f3digo en la Web. Eso no es bueno en t\\u00e9rminos de seguridad.</p><p>Introduzca su c\\u00f3digo en alg\\u00fan directorio <b>fuera</b> del elemento ra\\u00edz del documento, como por ejemplo /home/mycode.</p><p>Veamos lo que el comando <a href=\\\"https://docs.djangoproject.com/es/2.0/ref/django-admin/#django-admin-startproject\\\">startproject</a> cre\\u00f3:</p><p>mysite/<br/> manage.py<br/> mysite/<br/> __init__.py<br/> settings.py<br/> urls.py<br/> wsgi.py<br/></p><p>Estos archivos son:</p><ul><li>El directorio ra\\u00edz externo mysite/ solo es un contenedor de su proyecto. Su nombre no es relevante para Django; usted puede cambiarle el nombre a lo que quiera.</li><li>manage.py: Una utilidad de la l\\u00ednea de comandos que le permite interactuar con este proyecto Django de diferentes formas. Puede leer todos los detalles sobre <a href=\\\"https://docs.djangoproject.com/es/2.0/intro/tutorial01/#id1\\\">:archivo:`manage.py`</a> en el :doc: :/ref/django-admin.</li><li>En interior del directorio mysite/ es el propio paquete de Python para su proyecto. Su nombre es el nombre del paquete de Python que usted tendr\\u00e1 que utilizar para importar todo dentro de este (por ejemplo, mysite.urls).</li><li>mysite/__init__.py: An empty file that tells Python that this directory should be considered a Python package. If you\\u2019re a Python beginner, read <a href=\\\"https://docs.python.org/3/tutorial/modules.html#tut-packages\\\">more about packages</a> in the official Python docs.</li><li>mysite/settings.py: Settings/configuration for this Django project. <a href=\\\"https://docs.djangoproject.com/es/2.0/topics/settings/\\\">Django settings</a> will tell you all about how settings work.</li><li>mysite/urls.py: Las declaraciones URL para este proyecto Django; una \\u00abtabla de contenidos\\u00bb de su sitio basado en Django. Puede leer m\\u00e1s sobre las URLs en <a href=\\\"https://docs.djangoproject.com/es/2.0/topics/http/urls/\\\">URL dispatcher</a>.</li><li>mysite/wsgi.py: Un punto de entrada para que los servidores web compatibles con WSGI puedan servir su proyecto. Consulte :doc:<a href=\\\"https://docs.djangoproject.com/es/2.0/intro/tutorial01/#id1\\\">`</a>/howto/deployment/wsgi/index`para m\\u00e1s detalles.</li></ul><h2>El servidor de desarrollo<a href=\\\"https://docs.djangoproject.com/es/2.0/intro/tutorial01/#the-development-server\\\"><b>\\u00b6</b></a></h2><p>Comprobemos que su proyecto Django funciona. Cambie al directorio externo mysite, si todav\\u00eda no lo ha hecho, y ejecute los siguientes comandos:</p><p><b>$</b> python manage.py runserver<br/></p><p>Ver\\u00e1 la siguiente salida en la l\\u00ednea de comandos:</p><p>Performing system checks...<br/><br/>System check identified no issues (0 silenced).<br/><br/>You have unapplied migrations; your app may not work properly until they are applied.<br/>Run &#x27;python manage.py migrate&#x27; to apply them.<br/><br/>abril 11, 2018 - 15:50:53<br/>Django version 2.0, using settings &#x27;mysite.settings&#x27;<br/>Starting development server at <a href=\\\"http://127.0.0.1:8000/\\\">http://127.0.0.1:8000/</a><br/>Quit the server with CONTROL-C.<br/></p><p><b>Nota</b></p><p>Ignore por ahora la advertencia sobre las migraciones de bases de datos sin aplicar, nos ocuparemos de la base de datos dentro de poco.</p><p>Usted ha iniciado el servidor en desarrollo de Django, un servidor web ligero escrito puramente en Python. Lo hemos incluido con Django para que pueda desarrollar cosas r\\u00e1pidamente sin tener que lidiar con la configuraci\\u00f3n de un servidor en producci\\u00f3n, como Apache, hasta que est\\u00e9 listo para la producci\\u00f3n.</p><p>Ahora es un buen momento para tener en cuenta que: <b>no</b> debe utilizar este servidor en algo parecido a un entorno de producci\\u00f3n. Est\\u00e1 pensado s\\u00f3lo para usarse durante el desarrollo (nuestro trabajo es crear frameworks Web , no servidores web.)</p><p>Ahora que el servidor est\\u00e1 funcionando, visite <a href=\\\"http://127.0.0.1:8000/\\\">http://127.0.0.1:8000/</a> con su navegador Web. Ver\\u00e1 la p\\u00e1gina \\u00abFelicitaciones!\\u00bb, con un cohete despegando. \\u00a1Funcion\\u00f3!</p><p><b>Cambiando el puerto</b></p><p>De forma predeterminada, el comando <a href=\\\"https://docs.djangoproject.com/es/2.0/ref/django-admin/#django-admin-runserver\\\">runserver</a> inicia el servidor de desarrollo en la IP interna en el puerto 8000.</p><p>Si desea cambiar el puerto del servidor, p\\u00e1salo como un argumento de la l\\u00ednea de comandos. Por ejemplo, este comando inicia el servidor en el puerto 8080:</p><p><b>$</b> python manage.py runserver 8080<br/></p><p>Si desea cambiar la IP del servidor, p\\u00e1sela junto con el puerto. Por ejemplo para escuchar en todas las IPs p\\u00fablicas (\\u00fatil si usted est\\u00e1 ejecutando Vagrant o quiere mostrar su trabajo en otros equipos de la red), utilice:</p><p><b>$</b> python manage.py runserver 0:8000<br/></p><p><b>0</b> es un atajo para <b>0.0.0.0</b>. La documentacion completa de el servidor de desarrollo se encuentra en la referencia de <a href=\\\"https://docs.djangoproject.com/es/2.0/ref/django-admin/#django-admin-runserver\\\">runserver</a>.</p><p><b>Recarga autom\\u00e1tica del comando</b> <a href=\\\"https://docs.djangoproject.com/es/2.0/ref/django-admin/#django-admin-runserver\\\"><b>runserver</b></a></p><p>El servidor de desarrollo recarga de forma autom\\u00e1tica el c\\u00f3digo Python para cada petici\\u00f3n cuando sea necesario. No es necesario reiniciar el servidor para que los cambios de c\\u00f3digo surtan efecto. Sin embargo, algunas acciones como la adici\\u00f3n de archivos no provoca un reinicio, por lo que tendr\\u00e1 que reiniciar el servidor en estos casos.</p><h2>Creando la aplicaci\\u00f3n encuestas<a href=\\\"https://docs.djangoproject.com/es/2.0/intro/tutorial01/#creating-the-polls-app\\\"><b>\\u00b6</b></a></h2><p>Ahora que su entorno, un \\u00abproyecto\\u00bb, se ha configurado, ya est\\u00e1 listo para empezar a trabajar.</p><p>Cada aplicaci\\u00f3n que usted escribe en Django consiste en un paquete de Python que sigue una determinada convenci\\u00f3n. Django tiene una utilidad que genera autom\\u00e1ticamente la estructura b\\u00e1sica de directorios de una aplicaci\\u00f3n, por lo que usted puede centrarse en la escritura de c\\u00f3digo en lugar de crear directorios.</p><p><b>Proyectos vs. aplicaciones</b></p><p>\\u00bfCu\\u00e1l es la diferencia entre un proyecto y una aplicaci\\u00f3n? Una app es una aplicaci\\u00f3n web que hace algo, por ejemplo, un sistema de blog, una base de datos de registros p\\u00fablicos o una aplicaci\\u00f3n de encuesta simple. Un proyecto es un conjunto de configuraciones y aplicaciones para un sitio web determinado. Un proyecto puede contener aplicaciones m\\u00faltiples. Una aplicaci\\u00f3n puede estar en varios proyectos.</p><p>Sus aplicaciones se pueden ubicar en cualquier parte de su <a href=\\\"https://docs.djangoproject.com/es/2.0/intro/tutorial01/tut-searchpath\\\">ruta Python</a>. En este tutorial vamos a crear nuestra aplicaci\\u00f3n encuesta junto al archivo manage.py para que pueda ser importado como su propio m\\u00f3dulo de nivel superior, en lugar de un subm\\u00f3dulo de` mysite`.</p><p>Para crear su aplicaci\\u00f3n, aseg\\u00farese de que est\\u00e1 en el mismo directorio que el archivo manage.py y escriba este comando:</p><p><b>$</b> python manage.py startapp polls<br/></p><p>Eso va a crear un directorio polls que se presenta de la siguiente forma:</p><p>polls/<br/> __init__.py<br/> admin.py<br/> apps.py<br/> migrations/<br/> __init__.py<br/> models.py<br/> tests.py<br/> views.py<br/></p><p>Esta estructura de directorios almacenar\\u00e1 la aplicaci\\u00f3n encuesta.</p><h2>Escriba su primera vista<a href=\\\"https://docs.djangoproject.com/es/2.0/intro/tutorial01/#write-your-first-view\\\"><b>\\u00b6</b></a></h2><p>Vamos a escribir la primera vista. Abra el archivo polls/views.py y ponga el siguiente c\\u00f3digo Python en ella:</p><p>polls/views.py</p><p><b>from</b> <b>django.http</b> <b>import</b> HttpResponse<br/><br/><br/><b>def</b> index(request):<br/> <b>return</b> HttpResponse(&quot;Hello, world. You&#x27;re at the polls index.&quot;)<br/></p><p>Esta es la vista m\\u00e1s simple posible en Django. Para llamar la vista, tenemos que asignarla a una URL y para ello necesitamos una URLconf.</p><p>Para crear una URLconf en el directorio encuestas, cree un archivo llamado urls.py. El directorio de su aplicaci\\u00f3n debe verse as\\u00ed:</p><p>polls/<br/> __init__.py<br/> admin.py<br/> apps.py<br/> migrations/<br/> __init__.py<br/> models.py<br/> tests.py<br/> urls.py<br/> views.py<br/></p><p>Incluya el siguiente c\\u00f3digo en el archivo polls/urls.py:</p><p>polls/urls.py</p><p><b>from</b> <b>django.urls</b> <b>import</b> path<br/><br/><b>from</b> <b>.</b> <b>import</b> views<br/><br/>urlpatterns = [<br/> path(&#x27;&#x27;, views.index, name=&#x27;index&#x27;),<br/>]<br/></p><p>El siguiente paso es se\\u00f1alar la URLconf ra\\u00edz en el m\\u00f3dulo polls.urls. En mysite/urls.py a\\u00f1ada un import para django.urls.include e inserte una <a href=\\\"https://docs.djangoproject.com/es/2.0/ref/urls/#django.urls.include\\\">include()</a> en la lista urlpatterns , para obtener:</p><p>mysite/urls.py</p><p><b>from</b> <b>django.contrib</b> <b>import</b> admin<br/><b>from</b> <b>django.urls</b> <b>import</b> include, path<br/><br/>urlpatterns = [<br/> path(&#x27;polls/&#x27;, include(&#x27;polls.urls&#x27;)),<br/> path(&#x27;admin/&#x27;, admin.site.urls),<br/>]<br/></p><p>La funci\\u00f3n <a href=\\\"https://docs.djangoproject.com/es/2.0/ref/urls/#django.urls.include\\\">include()</a> permite hacer referencia a otros URLconfs. Cada vez que Django encuentra <a href=\\\"https://docs.djangoproject.com/es/2.0/ref/urls/#django.urls.include\\\">include()</a> corta cualquier parte de la URL que coincide hasta ese punto y env\\u00eda la cadena restante a la URLconf incluida para seguir el proceso.</p><p>La idea detr\\u00e1s de <a href=\\\"https://docs.djangoproject.com/es/2.0/ref/urls/#django.urls.include\\\">include()</a> es facilitar la conexi\\u00f3n y ejecuci\\u00f3n inmediata de las URLs. Dado que las encuestas est\\u00e1n en su propia URLconf (polls/urls.py) se pueden ubicar en\\u00bb/polls/\\u00bb, \\u00ab/fun_polls /\\u00bb, \\u00ab/content/polls/\\u00bb o en cualquier otra ruta ra\\u00edz , y la aplicaci\\u00f3n todav\\u00eda seguir\\u00e1 funcionando.</p><p><b>Cu\\u00e1ndo utilizar</b> <a href=\\\"https://docs.djangoproject.com/es/2.0/ref/urls/#django.urls.include\\\"><b>include()</b></a></p><p>Siempre debe usar include() cuando incluye otros patrones de URL. admin.site.urls es la \\u00fanica excepci\\u00f3n a esto.</p><p>Usted ha enviado una vista index al URLconf. Comprobemos si funciona, ejecute el siguiente comando:</p><p><b>$</b> python manage.py runserver<br/></p><p>Vaya a <a href=\\\"http://localhost:8000/polls/\\\">http://localhost:8000/polls/</a> en su navegador, y usted deber\\u00eda ver el texto \\u00ab* Hola, mundo. Usted est\\u00e1 en el \\u00edndice de encuestas*.\\u00bb el cual defini\\u00f3 en la vista \\u00edndex.</p><p>La <a href=\\\"https://docs.djangoproject.com/es/2.0/ref/urls/#django.urls.path\\\">path()</a> funci\\u00f3n recibe cuatro argumentos, dos requeridos route y view; y dos opcionales kwargs y name. Este es el momento de revisar para que sirven estos argumentos.</p><h3><b>argumento</b> <a href=\\\"https://docs.djangoproject.com/es/2.0/ref/urls/#django.urls.path\\\"><b>path()</b></a><b>:</b> <b>route</b><a href=\\\"https://docs.djangoproject.com/es/2.0/intro/tutorial01/#path-argument-route\\\"><b>\\u00b6</b></a></h3><p>route es una cadena que contiene un patr\\u00f3n de URL. Cuando Django procesa una petici\\u00f3n comienza por el primer patr\\u00f3n en urlpatterns y continua hacia abajo por la lista comparando la URL solicitada con cada patr\\u00f3n hasta encontrar aquel que calza.</p><p>Tenga en cuenta que estas expresiones regulares no buscan par\\u00e1metros GET y POST o el nombre de dominio. Por ejemplo en una petici\\u00f3n a``https://www.example.com/myapp/, la URLconf buscar\\u00e1 ``myapp/. En una petici\\u00f3n a https://www.example.com/myapp/?page=3 la URLconf tambi\\u00e9n buscar\\u00e1 myapp/.</p><h3><b>argumento</b> <a href=\\\"https://docs.djangoproject.com/es/2.0/ref/urls/#django.urls.path\\\"><b>path()</b></a><b>:</b> <b>view</b><a href=\\\"https://docs.djangoproject.com/es/2.0/intro/tutorial01/#path-argument-view\\\"><b>\\u00b6</b></a></h3><p>Cuando Django encuentra una coincidencia de expresiones regulares llama a la funci\\u00f3n de la vista especificada con un objeto <a href=\\\"https://docs.djangoproject.com/es/2.0/ref/request-response/#django.http.HttpRequest\\\">HttpRequest</a> como primer argumento y cualquiera de los valores \\u201ccapturados\\u201d de la ruta como argumentos de palabra clave. Le daremos un ejemplo de esto en un momento.</p><h3><b>argumento</b> <a href=\\\"https://docs.djangoproject.com/es/2.0/ref/urls/#django.urls.path\\\"><b>path()</b></a><b>:</b> <b>kwargs</b><a href=\\\"https://docs.djangoproject.com/es/2.0/intro/tutorial01/#path-argument-kwargs\\\"><b>\\u00b6</b></a></h3><p>Los argumentos arbitrarios de palabra clave se pueden pasar en un diccionario a la vista destino. No vamos a utilizar esta funcionalidad de Django en el tutorial.</p><h3><b>argumento</b> <a href=\\\"https://docs.djangoproject.com/es/2.0/ref/urls/#django.urls.path\\\"><b>path()</b></a><b>:</b> <b>name</b><a href=\\\"https://docs.djangoproject.com/es/2.0/intro/tutorial01/#path-argument-name\\\"><b>\\u00b6</b></a></h3><p>Dar un nombre a su URL le permite referirse a ella de forma inequ\\u00edvoca desde otras partes de Django sobre todo desde las plantillas. Esta potente caracter\\u00edstica le permite realizar cambios globales en los patrones de URL de su proyecto modificando solo un \\u00fanico archivo.</p><p>Cuando se familiarice con el flujo b\\u00e1sico de solicitud y respuesta, lea <a href=\\\"https://docs.djangoproject.com/es/2.0/intro/tutorial02/\\\">la parte 2 del presente tutorial</a> para empezar a trabajar con la base de datos.</p>\", \"id\": \"1b8ba811-3912-4db2-87e6-92736278b939\"}, {\"type\": \"thumbnail\", \"value\": {\"image\": 3, \"url\": \"https://google.com\", \"media_type\": \"Image\", \"text\": \"pythonPy\"}, \"id\": \"1f13df85-6948-4496-a97a-edca7c3a7f0d\"}]"}}, {"model": "blog.blogindexpage", "pk": 4, "fields": {"intro": "<p></p>"}}, {"model": "home.defaultpage", "pk": 10, "fields": {"body": "[{\"type\": \"paragraph\", \"value\": \"<p>Python Paraguay es bla bla bkla...</p>\", \"id\": \"65979892-f042-4ab9-9161-d101033771b9\"}]"}}, {"model": "home.defaultpage", "pk": 11, "fields": {"body": "[{\"type\": \"paragraph\", \"value\": \"<h4>Pregunta 1?</h4><p>bla bla bla</p><h4>Pregunta 2</h4><p>ble ble b;e</p>\", \"id\": \"d0d9cdd9-6786-4b93-a99f-50d18d98cd00\"}]"}}, {"model": "home.defaultpage", "pk": 12, "fields": {"body": "[{\"type\": \"paragraph\", \"value\": \"<p>Twitter: <a href=\\\"https://twitter.com/pythonparaguay\\\">@PythonParaguay</a></p><p>Telegram: <a href=\\\"https://t.me/pythonparaguay\\\">@PythonParaguay</a></p><p>Facebook: <a href=\\\"https://www.facebook.com/PythonParaguay\\\">Python Paraguay</a></p>\", \"id\": \"ae6c981c-a97f-4dce-ad8c-2f2088a84aec\"}, {\"type\": \"table\", \"value\": {\"data\": [[\"Bla bl\", \"aaaaa\", null], [\"Twitter\", \"@PythonParaguay\", null], [null, null, null]], \"first_row_is_table_header\": true, \"first_col_is_header\": false}, \"id\": \"df990a34-fe80-4e59-bf00-a9c3a8fce431\"}]"}}, {"model": "home.homepage", "pk": 3, "fields": {"body": "<p></p>"}}]