[{"model": "wagtailcore.page", "pk": 1, "fields": {"path": "0001", "depth": 1, "numchild": 1, "title": "Root", "draft_title": "Root", "slug": "root", "content_type": 1, "live": true, "has_unpublished_changes": false, "url_path": "/", "owner": null, "seo_title": "", "show_in_menus": false, "search_description": "", "go_live_at": null, "expire_at": null, "expired": false, "locked": false, "first_published_at": null, "last_published_at": null, "latest_revision_created_at": null, "live_revision": null}}, {"model": "wagtailcore.page", "pk": 3, "fields": {"path": "00010001", "depth": 2, "numchild": 4, "title": "Inicio", "draft_title": "Inicio", "slug": "home", "content_type": 3, "live": true, "has_unpublished_changes": false, "url_path": "/home/", "owner": null, "seo_title": "", "show_in_menus": false, "search_description": "", "go_live_at": null, "expire_at": null, "expired": false, "locked": false, "first_published_at": "2018-04-17T05:55:21.059Z", "last_published_at": "2018-04-17T05:56:24.690Z", "latest_revision_created_at": "2018-04-17T05:56:24.628Z", "live_revision": 17}}, {"model": "wagtailcore.page", "pk": 4, "fields": {"path": "000100010001", "depth": 3, "numchild": 2, "title": "Blog", "draft_title": "Blog", "slug": "blog", "content_type": 7, "live": true, "has_unpublished_changes": false, "url_path": "/home/blog/", "owner": 1, "seo_title": "Python Paraguay Blog", "show_in_menus": true, "search_description": "", "go_live_at": null, "expire_at": null, "expired": false, "locked": false, "first_published_at": "2018-04-17T05:30:57.862Z", "last_published_at": "2019-09-23T21:22:14.902Z", "latest_revision_created_at": "2019-09-23T21:22:14.856Z", "live_revision": 18}}, {"model": "wagtailcore.page", "pk": 5, "fields": {"path": "0001000100010001", "depth": 4, "numchild": 0, "title": "Post 1 blbablabla", "draft_title": "Post 1 blbablabla", "slug": "post-1-tutorial-bla-bkla", "content_type": 8, "live": true, "has_unpublished_changes": false, "url_path": "/home/blog/post-1-tutorial-bla-bkla/", "owner": 1, "seo_title": "", "show_in_menus": false, "search_description": "", "go_live_at": null, "expire_at": null, "expired": false, "locked": false, "first_published_at": "2018-04-17T05:34:49.733Z", "last_published_at": "2018-04-17T05:43:08.863Z", "latest_revision_created_at": "2018-04-17T05:43:08.792Z", "live_revision": 10}}, {"model": "wagtailcore.page", "pk": 6, "fields": {"path": "000100010003", "depth": 3, "numchild": 0, "title": "Acerca de", "draft_title": "Acerca de", "slug": "acerca-de", "content_type": 6, "live": true, "has_unpublished_changes": false, "url_path": "/home/acerca-de/", "owner": 1, "seo_title": "", "show_in_menus": true, "search_description": "", "go_live_at": null, "expire_at": null, "expired": false, "locked": false, "first_published_at": "2018-04-17T05:36:50.430Z", "last_published_at": "2019-09-23T23:36:14.556Z", "latest_revision_created_at": "2019-09-23T23:36:14.506Z", "live_revision": 21}}, {"model": "wagtailcore.page", "pk": 7, "fields": {"path": "000100010002", "depth": 3, "numchild": 0, "title": "FAQ", "draft_title": "FAQ", "slug": "faq", "content_type": 6, "live": true, "has_unpublished_changes": false, "url_path": "/home/faq/", "owner": 1, "seo_title": "", "show_in_menus": true, "search_description": "", "go_live_at": null, "expire_at": null, "expired": false, "locked": false, "first_published_at": "2018-04-17T05:39:01.035Z", "last_published_at": "2019-09-23T23:35:47.703Z", "latest_revision_created_at": "2019-09-23T23:35:47.647Z", "live_revision": 20}}, {"model": "wagtailcore.page", "pk": 8, "fields": {"path": "000100010004", "depth": 3, "numchild": 2, "title": "Tutoriales", "draft_title": "Tutoriales", "slug": "tutoriales", "content_type": 7, "live": true, "has_unpublished_changes": false, "url_path": "/home/tutoriales/", "owner": 1, "seo_title": "", "show_in_menus": true, "search_description": "", "go_live_at": null, "expire_at": null, "expired": false, "locked": false, "first_published_at": "2018-04-17T05:40:50.387Z", "last_published_at": "2018-04-17T05:40:50.387Z", "latest_revision_created_at": "2018-04-17T05:40:50.347Z", "live_revision": 8}}, {"model": "wagtailcore.page", "pk": 10, "fields": {"path": "0001000100010002", "depth": 4, "numchild": 0, "title": "Lanzamiento de la Web de Python Py", "draft_title": "Lanzamiento de la Web de Python Py", "slug": "lanzamiento-de-la-web-de-python-py", "content_type": 8, "live": true, "has_unpublished_changes": false, "url_path": "/home/blog/lanzamiento-de-la-web-de-python-py/", "owner": 1, "seo_title": "", "show_in_menus": false, "search_description": "", "go_live_at": null, "expire_at": null, "expired": false, "locked": false, "first_published_at": "2018-04-17T05:44:33.366Z", "last_published_at": "2018-04-17T05:45:31.156Z", "latest_revision_created_at": "2018-04-17T05:45:31.092Z", "live_revision": 12}}, {"model": "wagtailcore.page", "pk": 11, "fields": {"path": "0001000100040002", "depth": 4, "numchild": 0, "title": "Tutorial de Django", "draft_title": "Tutorial de Django", "slug": "tutorial-de-django", "content_type": 8, "live": true, "has_unpublished_changes": false, "url_path": "/home/tutoriales/tutorial-de-django/", "owner": 1, "seo_title": "", "show_in_menus": false, "search_description": "", "go_live_at": null, "expire_at": null, "expired": false, "locked": false, "first_published_at": "2018-04-17T05:54:01.997Z", "last_published_at": "2018-04-17T05:54:01.997Z", "latest_revision_created_at": "2018-04-17T05:54:01.943Z", "live_revision": 14}}, {"model": "wagtailcore.page", "pk": 12, "fields": {"path": "0001000100040003", "depth": 4, "numchild": 0, "title": "Instalar Python en Windows", "draft_title": "Instalar Python en Windows", "slug": "instalar-python-en-windows", "content_type": 8, "live": true, "has_unpublished_changes": false, "url_path": "/home/tutoriales/instalar-python-en-windows/", "owner": 1, "seo_title": "", "show_in_menus": false, "search_description": "", "go_live_at": null, "expire_at": null, "expired": false, "locked": false, "first_published_at": "2019-09-23T23:00:58.196Z", "last_published_at": "2019-09-23T23:00:58.196Z", "latest_revision_created_at": "2019-09-23T23:00:58.155Z", "live_revision": 19}}, {"model": "wagtailcore.pagerevision", "pk": 1, "fields": {"page": 4, "submitted_for_moderation": false, "created_at": "2018-04-17T05:30:57.813Z", "user": 1, "content_json": "{\"pk\": 4, \"path\": \"000100010001\", \"depth\": 3, \"numchild\": 0, \"title\": \"PythonPy Blog\", \"draft_title\": \"PythonPy Blog\", \"slug\": \"pythonpy-blog\", \"content_type\": 7, \"live\": true, \"has_unpublished_changes\": false, \"url_path\": \"/home/pythonpy-blog/\", \"owner\": 1, \"seo_title\": \"\", \"show_in_menus\": false, \"search_description\": \"\", \"go_live_at\": null, \"expire_at\": null, \"expired\": false, \"locked\": false, \"first_published_at\": null, \"last_published_at\": null, \"latest_revision_created_at\": null, \"live_revision\": null, \"intro\": \"<p>Este es el blog</p>\"}", "approved_go_live_at": null}}, {"model": "wagtailcore.pagerevision", "pk": 2, "fields": {"page": 5, "submitted_for_moderation": false, "created_at": "2018-04-17T05:34:44.166Z", "user": 1, "content_json": "{\"pk\": 5, \"path\": \"0001000100010001\", \"depth\": 4, \"numchild\": 0, \"title\": \"Post 1 tutorial bla bkla\", \"draft_title\": \"Post 1 tutorial bla bkla\", \"slug\": \"post-1-tutorial-bla-bkla\", \"content_type\": 8, \"live\": false, \"has_unpublished_changes\": false, \"url_path\": \"/home/pythonpy-blog/post-1-tutorial-bla-bkla/\", \"owner\": 1, \"seo_title\": \"\", \"show_in_menus\": false, \"search_description\": \"\", \"go_live_at\": null, \"expire_at\": null, \"expired\": false, \"locked\": false, \"first_published_at\": null, \"last_published_at\": null, \"latest_revision_created_at\": null, \"live_revision\": null, \"date\": \"2018-04-17\", \"excerpt\": \"resumen del post\", \"body\": \"[{\\\"type\\\": \\\"heading\\\", \\\"value\\\": \\\"Encabezado bla\\\", \\\"id\\\": \\\"717ac0cd-658b-4728-b589-725d80c1bcfd\\\"}, {\\\"type\\\": \\\"paragraph\\\", \\\"value\\\": \\\"<p>Este<b> es un</b> <i>parrafo</i></p>\\\", \\\"id\\\": \\\"b5d19b48-7453-45d2-a9e8-025a02fee6e2\\\"}, {\\\"type\\\": \\\"image\\\", \\\"value\\\": 1, \\\"id\\\": \\\"ad4d39aa-dd4b-4fb0-800d-3810b8bff193\\\"}, {\\\"type\\\": \\\"two_columns\\\", \\\"value\\\": {\\\"left_column\\\": [{\\\"type\\\": \\\"paragraph\\\", \\\"value\\\": \\\"<p>Columna 1</p><p>Do you see any Teletubbies in here? Do you see a slender plastic tag clipped to my shirt with my name printed on it? Do you see a little Asian child with a blank expression on his face sitting outside on a mechanical helicopter that shakes when you put quarters in it? No? Well, that&#x27;s what you see at a toy store. And you must think you&#x27;re in a toy store, because you&#x27;re here shopping for an infant named Jeb.</p>\\\", \\\"id\\\": \\\"5b8ddbd1-8966-4e4c-86d7-6ddcb8939008\\\"}], \\\"right_column\\\": [{\\\"type\\\": \\\"paragraph\\\", \\\"value\\\": \\\"<p>Columna2</p><p>Now that there is the Tec-9, a crappy spray gun from South Miami. This gun is advertised as the most popular gun in American crime. Do you believe that shit? It actually says that in the little book that comes with it: the most popular gun in American crime. Like they&#x27;re actually proud of that shit.</p><p></p>\\\", \\\"id\\\": \\\"91180dce-b8e9-4d34-9bb6-ff5d482fb859\\\"}]}, \\\"id\\\": \\\"7d370740-2aee-4044-a68d-09212f071107\\\"}, {\\\"type\\\": \\\"thumbnail\\\", \\\"value\\\": {\\\"image\\\": 2, \\\"url\\\": \\\"http://google.com\\\", \\\"media_type\\\": \\\"image\\\", \\\"text\\\": \\\"no se\\\"}, \\\"id\\\": \\\"c64141f0-5cee-424d-8060-d081eb644a57\\\"}]\", \"tagged_items\": [], \"gallery_images\": []}", "approved_go_live_at": null}}, {"model": "wagtailcore.pagerevision", "pk": 3, "fields": {"page": 5, "submitted_for_moderation": false, "created_at": "2018-04-17T05:34:49.676Z", "user": 1, "content_json": "{\"pk\": 5, \"path\": \"0001000100010001\", \"depth\": 4, \"numchild\": 0, \"title\": \"Post 1 tutorial bla bkla\", \"draft_title\": \"Post 1 tutorial bla bkla\", \"slug\": \"post-1-tutorial-bla-bkla\", \"content_type\": 8, \"live\": false, \"has_unpublished_changes\": true, \"url_path\": \"/home/pythonpy-blog/post-1-tutorial-bla-bkla/\", \"owner\": 1, \"seo_title\": \"\", \"show_in_menus\": false, \"search_description\": \"\", \"go_live_at\": null, \"expire_at\": null, \"expired\": false, \"locked\": false, \"first_published_at\": null, \"last_published_at\": null, \"latest_revision_created_at\": \"2018-04-17T05:34:44.166Z\", \"live_revision\": null, \"date\": \"2018-04-17\", \"excerpt\": \"resumen del post\", \"body\": \"[{\\\"type\\\": \\\"heading\\\", \\\"value\\\": \\\"Encabezado bla\\\", \\\"id\\\": \\\"717ac0cd-658b-4728-b589-725d80c1bcfd\\\"}, {\\\"type\\\": \\\"paragraph\\\", \\\"value\\\": \\\"<p>Este<b> es un</b> <i>parrafo</i></p>\\\", \\\"id\\\": \\\"b5d19b48-7453-45d2-a9e8-025a02fee6e2\\\"}, {\\\"type\\\": \\\"image\\\", \\\"value\\\": 1, \\\"id\\\": \\\"ad4d39aa-dd4b-4fb0-800d-3810b8bff193\\\"}, {\\\"type\\\": \\\"two_columns\\\", \\\"value\\\": {\\\"left_column\\\": [{\\\"type\\\": \\\"paragraph\\\", \\\"value\\\": \\\"<p>Columna 1</p><p>Do you see any Teletubbies in here? Do you see a slender plastic tag clipped to my shirt with my name printed on it? Do you see a little Asian child with a blank expression on his face sitting outside on a mechanical helicopter that shakes when you put quarters in it? No? Well, that&#x27;s what you see at a toy store. And you must think you&#x27;re in a toy store, because you&#x27;re here shopping for an infant named Jeb.</p>\\\", \\\"id\\\": \\\"5b8ddbd1-8966-4e4c-86d7-6ddcb8939008\\\"}], \\\"right_column\\\": [{\\\"type\\\": \\\"paragraph\\\", \\\"value\\\": \\\"<p>Columna2</p><p>Now that there is the Tec-9, a crappy spray gun from South Miami. This gun is advertised as the most popular gun in American crime. Do you believe that shit? It actually says that in the little book that comes with it: the most popular gun in American crime. Like they&#x27;re actually proud of that shit.</p><p></p>\\\", \\\"id\\\": \\\"91180dce-b8e9-4d34-9bb6-ff5d482fb859\\\"}]}, \\\"id\\\": \\\"7d370740-2aee-4044-a68d-09212f071107\\\"}, {\\\"type\\\": \\\"thumbnail\\\", \\\"value\\\": {\\\"image\\\": 2, \\\"url\\\": \\\"http://google.com\\\", \\\"media_type\\\": \\\"image\\\", \\\"text\\\": \\\"no se\\\"}, \\\"id\\\": \\\"c64141f0-5cee-424d-8060-d081eb644a57\\\"}]\", \"tagged_items\": [], \"gallery_images\": []}", "approved_go_live_at": null}}, {"model": "wagtailcore.pagerevision", "pk": 4, "fields": {"page": 4, "submitted_for_moderation": false, "created_at": "2018-04-17T05:35:13.816Z", "user": 1, "content_json": "{\"pk\": 4, \"path\": \"000100010001\", \"depth\": 3, \"numchild\": 1, \"title\": \"PythonPy Blog\", \"draft_title\": \"PythonPy Blog\", \"slug\": \"pythonpy-blog\", \"content_type\": 7, \"live\": true, \"has_unpublished_changes\": false, \"url_path\": \"/home/pythonpy-blog/\", \"owner\": 1, \"seo_title\": \"\", \"show_in_menus\": true, \"search_description\": \"\", \"go_live_at\": null, \"expire_at\": null, \"expired\": false, \"locked\": false, \"first_published_at\": \"2018-04-17T05:30:57.862Z\", \"last_published_at\": \"2018-04-17T05:30:57.862Z\", \"latest_revision_created_at\": \"2018-04-17T05:30:57.813Z\", \"live_revision\": 1, \"intro\": \"<p>Este es el blog</p>\"}", "approved_go_live_at": null}}, {"model": "wagtailcore.pagerevision", "pk": 5, "fields": {"page": 6, "submitted_for_moderation": false, "created_at": "2018-04-17T05:36:42.133Z", "user": 1, "content_json": "{\"pk\": 6, \"path\": \"000100010002\", \"depth\": 3, \"numchild\": 0, \"title\": \"Acerca de\", \"draft_title\": \"Acerca de\", \"slug\": \"acerca-de\", \"content_type\": 6, \"live\": false, \"has_unpublished_changes\": false, \"url_path\": \"/home/acerca-de/\", \"owner\": 1, \"seo_title\": \"\", \"show_in_menus\": false, \"search_description\": \"\", \"go_live_at\": null, \"expire_at\": null, \"expired\": false, \"locked\": false, \"first_published_at\": null, \"last_published_at\": null, \"latest_revision_created_at\": null, \"live_revision\": null, \"body\": \"[{\\\"type\\\": \\\"heading\\\", \\\"value\\\": \\\"Quienes somos?\\\", \\\"id\\\": \\\"f2de690c-5992-4593-8a03-85855e226abc\\\"}, {\\\"type\\\": \\\"paragraph\\\", \\\"value\\\": \\\"<p>Que buena pregunta</p>\\\", \\\"id\\\": \\\"ea2964c3-cb57-413a-8fcf-8ca6f5a1520b\\\"}]\"}", "approved_go_live_at": null}}, {"model": "wagtailcore.pagerevision", "pk": 6, "fields": {"page": 6, "submitted_for_moderation": false, "created_at": "2018-04-17T05:36:50.375Z", "user": 1, "content_json": "{\"pk\": 6, \"path\": \"000100010002\", \"depth\": 3, \"numchild\": 0, \"title\": \"Acerca de\", \"draft_title\": \"Acerca de\", \"slug\": \"acerca-de\", \"content_type\": 6, \"live\": false, \"has_unpublished_changes\": true, \"url_path\": \"/home/acerca-de/\", \"owner\": 1, \"seo_title\": \"\", \"show_in_menus\": true, \"search_description\": \"\", \"go_live_at\": null, \"expire_at\": null, \"expired\": false, \"locked\": false, \"first_published_at\": null, \"last_published_at\": null, \"latest_revision_created_at\": \"2018-04-17T05:36:42.133Z\", \"live_revision\": null, \"body\": \"[{\\\"type\\\": \\\"heading\\\", \\\"value\\\": \\\"Quienes somos?\\\", \\\"id\\\": \\\"f2de690c-5992-4593-8a03-85855e226abc\\\"}, {\\\"type\\\": \\\"paragraph\\\", \\\"value\\\": \\\"<p>Que buena pregunta</p>\\\", \\\"id\\\": \\\"ea2964c3-cb57-413a-8fcf-8ca6f5a1520b\\\"}]\"}", "approved_go_live_at": null}}, {"model": "wagtailcore.pagerevision", "pk": 7, "fields": {"page": 7, "submitted_for_moderation": false, "created_at": "2018-04-17T05:39:00.997Z", "user": 1, "content_json": "{\"pk\": 7, \"path\": \"000100010003\", \"depth\": 3, \"numchild\": 0, \"title\": \"FAQ\", \"draft_title\": \"FAQ\", \"slug\": \"faq\", \"content_type\": 6, \"live\": true, \"has_unpublished_changes\": false, \"url_path\": \"/home/faq/\", \"owner\": 1, \"seo_title\": \"\", \"show_in_menus\": true, \"search_description\": \"\", \"go_live_at\": null, \"expire_at\": null, \"expired\": false, \"locked\": false, \"first_published_at\": null, \"last_published_at\": null, \"latest_revision_created_at\": null, \"live_revision\": null, \"body\": \"[{\\\"type\\\": \\\"paragraph\\\", \\\"value\\\": \\\"<h4>Pregunta 1?</h4><p>You think water moves fast? You should see ice. It moves like it has a mind. Like it knows it killed the world once and got a taste for murder. After the avalanche, it took us a week to climb out. Now, I don&#x27;t know exactly when we turned on each other, but I know that seven of us survived the slide... and only five made it out. Now we took an oath, that I&#x27;m breaking now. We said we&#x27;d say it was the snow that killed the other two, but it wasn&#x27;t. Nature is lethal but it doesn&#x27;t hold a candle to man.</p><p></p><h4>Pregunta 2?</h4><p>The lysine contingency - it&#x27;s intended to prevent the spread of the animals is case they ever got off the island. Dr. Wu inserted a gene that makes a single faulty enzyme in protein metabolism. The animals can&#x27;t manufacture the amino acid lysine. Unless they&#x27;re continually supplied with lysine by us, they&#x27;ll slip into a coma and die.</p><p></p><h4>Pregunta 3?</h4><p>sijsgflsgfjlsfgnsfg</p><p>sgsgdsgdsgds</p><p>sdgd</p><p>s</p><p></p><p></p><h4>Pregunta 4?</h4><p></p><p>NOPE</p>\\\", \\\"id\\\": \\\"8379b1b4-7f75-4586-a086-ee5e95eb2ecb\\\"}]\"}", "approved_go_live_at": null}}, {"model": "wagtailcore.pagerevision", "pk": 8, "fields": {"page": 8, "submitted_for_moderation": false, "created_at": "2018-04-17T05:40:50.347Z", "user": 1, "content_json": "{\"pk\": 8, \"path\": \"000100010004\", \"depth\": 3, \"numchild\": 0, \"title\": \"Tutoriales\", \"draft_title\": \"Tutoriales\", \"slug\": \"tutoriales\", \"content_type\": 7, \"live\": true, \"has_unpublished_changes\": false, \"url_path\": \"/home/tutoriales/\", \"owner\": 1, \"seo_title\": \"\", \"show_in_menus\": true, \"search_description\": \"\", \"go_live_at\": null, \"expire_at\": null, \"expired\": false, \"locked\": false, \"first_published_at\": null, \"last_published_at\": null, \"latest_revision_created_at\": null, \"live_revision\": null, \"intro\": \"<p></p>\"}", "approved_go_live_at": null}}, {"model": "wagtailcore.pagerevision", "pk": 10, "fields": {"page": 5, "submitted_for_moderation": false, "created_at": "2018-04-17T05:43:08.792Z", "user": 1, "content_json": "{\"pk\": 5, \"path\": \"0001000100010001\", \"depth\": 4, \"numchild\": 0, \"title\": \"Post 1 blbablabla\", \"draft_title\": \"Post 1 tutorial bla bkla\", \"slug\": \"post-1-tutorial-bla-bkla\", \"content_type\": 8, \"live\": true, \"has_unpublished_changes\": false, \"url_path\": \"/home/pythonpy-blog/post-1-tutorial-bla-bkla/\", \"owner\": 1, \"seo_title\": \"\", \"show_in_menus\": false, \"search_description\": \"\", \"go_live_at\": null, \"expire_at\": null, \"expired\": false, \"locked\": false, \"first_published_at\": \"2018-04-17T05:34:49.733Z\", \"last_published_at\": \"2018-04-17T05:34:49.733Z\", \"latest_revision_created_at\": \"2018-04-17T05:34:49.676Z\", \"live_revision\": 3, \"date\": \"2018-04-17\", \"excerpt\": \"resumen del post\", \"body\": \"[{\\\"type\\\": \\\"heading\\\", \\\"value\\\": \\\"Encabezado bla\\\", \\\"id\\\": \\\"717ac0cd-658b-4728-b589-725d80c1bcfd\\\"}, {\\\"type\\\": \\\"paragraph\\\", \\\"value\\\": \\\"<p>Este<b> es un</b> <i>parrafo</i></p>\\\", \\\"id\\\": \\\"b5d19b48-7453-45d2-a9e8-025a02fee6e2\\\"}, {\\\"type\\\": \\\"image\\\", \\\"value\\\": 1, \\\"id\\\": \\\"ad4d39aa-dd4b-4fb0-800d-3810b8bff193\\\"}, {\\\"type\\\": \\\"two_columns\\\", \\\"value\\\": {\\\"left_column\\\": [{\\\"type\\\": \\\"paragraph\\\", \\\"value\\\": \\\"<p>Columna 1</p><p>Do you see any Teletubbies in here? Do you see a slender plastic tag clipped to my shirt with my name printed on it? Do you see a little Asian child with a blank expression on his face sitting outside on a mechanical helicopter that shakes when you put quarters in it? No? Well, that&#x27;s what you see at a toy store. And you must think you&#x27;re in a toy store, because you&#x27;re here shopping for an infant named Jeb.</p>\\\", \\\"id\\\": \\\"5b8ddbd1-8966-4e4c-86d7-6ddcb8939008\\\"}], \\\"right_column\\\": [{\\\"type\\\": \\\"paragraph\\\", \\\"value\\\": \\\"<p>Columna2</p><p>Now that there is the Tec-9, a crappy spray gun from South Miami. This gun is advertised as the most popular gun in American crime. Do you believe that shit? It actually says that in the little book that comes with it: the most popular gun in American crime. Like they&#x27;re actually proud of that shit.</p><p></p>\\\", \\\"id\\\": \\\"91180dce-b8e9-4d34-9bb6-ff5d482fb859\\\"}]}, \\\"id\\\": \\\"7d370740-2aee-4044-a68d-09212f071107\\\"}, {\\\"type\\\": \\\"thumbnail\\\", \\\"value\\\": {\\\"image\\\": 2, \\\"url\\\": \\\"http://google.com\\\", \\\"media_type\\\": \\\"image\\\", \\\"text\\\": \\\"no se\\\"}, \\\"id\\\": \\\"c64141f0-5cee-424d-8060-d081eb644a57\\\"}]\", \"tagged_items\": [{\"pk\": null, \"tag\": 2, \"content_object\": 5}], \"gallery_images\": []}", "approved_go_live_at": null}}, {"model": "wagtailcore.pagerevision", "pk": 11, "fields": {"page": 10, "submitted_for_moderation": false, "created_at": "2018-04-17T05:44:33.325Z", "user": 1, "content_json": "{\"pk\": 10, \"path\": \"0001000100010002\", \"depth\": 4, \"numchild\": 0, \"title\": \"Lanzamiento de la Web de Python Py\", \"draft_title\": \"Lanzamiento de la Web de Python Py\", \"slug\": \"lanzamiento-de-la-web-de-python-py\", \"content_type\": 8, \"live\": true, \"has_unpublished_changes\": false, \"url_path\": \"/home/pythonpy-blog/lanzamiento-de-la-web-de-python-py/\", \"owner\": 1, \"seo_title\": \"\", \"show_in_menus\": false, \"search_description\": \"\", \"go_live_at\": null, \"expire_at\": null, \"expired\": false, \"locked\": false, \"first_published_at\": null, \"last_published_at\": null, \"latest_revision_created_at\": null, \"live_revision\": null, \"date\": \"2018-04-17\", \"excerpt\": \"\", \"body\": \"[{\\\"type\\\": \\\"paragraph\\\", \\\"value\\\": \\\"<p>El <a href=\\\\\\\"http://mundohispanico.com/noticias/el-uscis-busca-impedir-que-empleados-sean-piadosos-al-evaluar-solicitudes-migratorias\\\\\\\"><b>Departamento de Ciudadan\\\\u00eda e Inmigraci\\\\u00f3n de Estados Unidos</b></a> (USCIS, por sus siglas en ingl\\\\u00e9s) anunci\\\\u00f3 el lanzamiento de una nueva herramienta para verificar la elegibilidad laboral.</p><p>A trav\\\\u00e9s del nuevo sitio web <a href=\\\\\\\"https://www.e-verify.gov/\\\\\\\">E-Verify.gov</a>, empleadores, trabajadores y p\\\\u00fablico en general podr\\\\u00e1n obtener gratuitamente informaci\\\\u00f3n electr\\\\u00f3nica sobre la elegibilidad de empleo.</p><p><b>Just launched! Employers and employees, check out the new</b> <a href=\\\\\\\"https://t.co/K4TTzYDNPw\\\\\\\"><b>https://t.co/K4TTzYDNPw</b></a> <b>website for tools and services.</b> <a href=\\\\\\\"https://t.co/iq2ckY3Gh6\\\\\\\"><b>pic.twitter.com/iq2ckY3Gh6</b></a><br/><b>\\\\u2014 USCIS (@USCIS)</b> <a href=\\\\\\\"https://twitter.com/USCIS/status/983697618323861504?ref_src=twsrc%5Etfw\\\\\\\"><b>April 10, 2018</b></a></p><p>El portal proporciona informaci\\\\u00f3n sobre el Formulario I-9, Verificaci\\\\u00f3n de Elegibilidad de Empleo, que incluye los derechos de los <a href=\\\\\\\"http://mundohispanico.com/dinero/por-que-estan-exigiendo-trabajadores-mexicanos-en-el-campo-estadounidense-esta-es-la-razon-video\\\\\\\"><b>trabajadores</b></a> y las responsabilidades del empleador en el proceso de verificaci\\\\u00f3n de empleo.</p><p>E-Verify.gov permitir\\\\u00e1 a los empleadores inscribirse directamente en el sistema de verificaci\\\\u00f3n.</p><p>\\\\u201cDurante la \\\\u00faltima d\\\\u00e9cada, E-Verify ha sido la piedra angular de nuestro compromiso continuo para ayudar a los empleadores a mantener una fuerza de trabajo legal\\\\u201d, dijo el director de USCIS, <a href=\\\\\\\"https://mundohispanico.com/noticias/inmigracion/revelan-que-el-director-de-uscis-que-borro-nacion-de-inmigrantes-es-hijo-de-una-inmigrante\\\\\\\"><b>Lee Francis Cissna</b></a>.</p><p>\\\\u201cE-Verify.gov ahora permite a los usuarios comprender mejor y navegar a trav\\\\u00e9s del proceso de verificaci\\\\u00f3n de empleo\\\\u201d, agreg\\\\u00f3.</p><p>USCIS insta a verificar nuevas contrataciones</p><p>Los empleadores pueden acceder a E-Verify.gov en cualquier momento y en cualquier lugar directamente desde un navegador web.</p><p>Casi todos los empleados son confirmados como autorizados para trabajar al instante, o en un per\\\\u00edodo m\\\\u00e1ximo de 24 horas.</p><p>El sistema, que cuenta con casi 800,000 empleadores inscritos, compara la informaci\\\\u00f3n del Formulario I-9 de un trabajador con los registros disponibles en el Departamento de Seguridad Nacional (DHS) y la Administraci\\\\u00f3n del Seguro Social, para verificar la autorizaci\\\\u00f3n para trabajar en Estados Unidos.</p><p>El 18 de abril de 2017, el presidente Donald <a href=\\\\\\\"http://mundohispanico.com/dinero/trump-escribe-sobre-el-desempleo-y-les-reprocha-a-los-hispanos-por-twitter\\\\\\\"><b>Trump</b></a> firm\\\\u00f3 la orden ejecutiva \\\\u201cBuy American and Hire American\\\\u201d, con el objetivo de ayudar a reducir la inmigraci\\\\u00f3n ilegal y preservar empleos para los trabajadores Estados Unidos.</p><p>En este sentido, USCIS exhort\\\\u00f3 a los empleadores a verificar las nuevas contrataciones a trav\\\\u00e9s de E-Verify.gov.</p>\\\", \\\"id\\\": \\\"d3442924-54cf-4d41-9309-7f5fd4af6731\\\"}]\", \"tagged_items\": [], \"gallery_images\": []}", "approved_go_live_at": null}}, {"model": "wagtailcore.pagerevision", "pk": 12, "fields": {"page": 10, "submitted_for_moderation": false, "created_at": "2018-04-17T05:45:31.092Z", "user": 1, "content_json": "{\"pk\": 10, \"path\": \"0001000100010002\", \"depth\": 4, \"numchild\": 0, \"title\": \"Lanzamiento de la Web de Python Py\", \"draft_title\": \"Lanzamiento de la Web de Python Py\", \"slug\": \"lanzamiento-de-la-web-de-python-py\", \"content_type\": 8, \"live\": true, \"has_unpublished_changes\": false, \"url_path\": \"/home/pythonpy-blog/lanzamiento-de-la-web-de-python-py/\", \"owner\": 1, \"seo_title\": \"\", \"show_in_menus\": false, \"search_description\": \"\", \"go_live_at\": null, \"expire_at\": null, \"expired\": false, \"locked\": false, \"first_published_at\": \"2018-04-17T05:44:33.366Z\", \"last_published_at\": \"2018-04-17T05:44:33.366Z\", \"latest_revision_created_at\": \"2018-04-17T05:44:33.325Z\", \"live_revision\": 11, \"date\": \"2018-04-17\", \"excerpt\": \"\", \"body\": \"[{\\\"type\\\": \\\"paragraph\\\", \\\"value\\\": \\\"<p>El <a href=\\\\\\\"http://mundohispanico.com/noticias/el-uscis-busca-impedir-que-empleados-sean-piadosos-al-evaluar-solicitudes-migratorias\\\\\\\"><b>Departamento de Ciudadan\\\\u00eda e Inmigraci\\\\u00f3n de Estados Unidos</b></a> (USCIS, por sus siglas en ingl\\\\u00e9s) anunci\\\\u00f3 el lanzamiento de una nueva herramienta para verificar la elegibilidad laboral.</p><p>A trav\\\\u00e9s del nuevo sitio web <a href=\\\\\\\"https://www.e-verify.gov/\\\\\\\">E-Verify.gov</a>, empleadores, trabajadores y p\\\\u00fablico en general podr\\\\u00e1n obtener gratuitamente informaci\\\\u00f3n electr\\\\u00f3nica sobre la elegibilidad de empleo.</p><p><b>Just launched! Employers and employees, check out the new</b> <a href=\\\\\\\"https://t.co/K4TTzYDNPw\\\\\\\"><b>https://t.co/K4TTzYDNPw</b></a> <b>website for tools and services.</b> <a href=\\\\\\\"https://t.co/iq2ckY3Gh6\\\\\\\"><b>pic.twitter.com/iq2ckY3Gh6</b></a><br/><b>\\\\u2014 USCIS (@USCIS)</b> <a href=\\\\\\\"https://twitter.com/USCIS/status/983697618323861504?ref_src=twsrc%5Etfw\\\\\\\"><b>April 10, 2018</b></a></p><p>El portal proporciona informaci\\\\u00f3n sobre el Formulario I-9, Verificaci\\\\u00f3n de Elegibilidad de Empleo, que incluye los derechos de los <a href=\\\\\\\"http://mundohispanico.com/dinero/por-que-estan-exigiendo-trabajadores-mexicanos-en-el-campo-estadounidense-esta-es-la-razon-video\\\\\\\"><b>trabajadores</b></a> y las responsabilidades del empleador en el proceso de verificaci\\\\u00f3n de empleo.</p><p>E-Verify.gov permitir\\\\u00e1 a los empleadores inscribirse directamente en el sistema de verificaci\\\\u00f3n.</p><p>\\\\u201cDurante la \\\\u00faltima d\\\\u00e9cada, E-Verify ha sido la piedra angular de nuestro compromiso continuo para ayudar a los empleadores a mantener una fuerza de trabajo legal\\\\u201d, dijo el director de USCIS, <a href=\\\\\\\"https://mundohispanico.com/noticias/inmigracion/revelan-que-el-director-de-uscis-que-borro-nacion-de-inmigrantes-es-hijo-de-una-inmigrante\\\\\\\"><b>Lee Francis Cissna</b></a>.</p><p>\\\\u201cE-Verify.gov ahora permite a los usuarios comprender mejor y navegar a trav\\\\u00e9s del proceso de verificaci\\\\u00f3n de empleo\\\\u201d, agreg\\\\u00f3.</p><p>USCIS insta a verificar nuevas contrataciones</p><p>Los empleadores pueden acceder a E-Verify.gov en cualquier momento y en cualquier lugar directamente desde un navegador web.</p><p>Casi todos los empleados son confirmados como autorizados para trabajar al instante, o en un per\\\\u00edodo m\\\\u00e1ximo de 24 horas.</p><p>El sistema, que cuenta con casi 800,000 empleadores inscritos, compara la informaci\\\\u00f3n del Formulario I-9 de un trabajador con los registros disponibles en el Departamento de Seguridad Nacional (DHS) y la Administraci\\\\u00f3n del Seguro Social, para verificar la autorizaci\\\\u00f3n para trabajar en Estados Unidos.</p><p></p>\\\", \\\"id\\\": \\\"d3442924-54cf-4d41-9309-7f5fd4af6731\\\"}]\", \"tagged_items\": [], \"gallery_images\": []}", "approved_go_live_at": null}}, {"model": "wagtailcore.pagerevision", "pk": 13, "fields": {"page": 4, "submitted_for_moderation": false, "created_at": "2018-04-17T05:50:51.457Z", "user": 1, "content_json": "{\"pk\": 4, \"path\": \"000100010001\", \"depth\": 3, \"numchild\": 2, \"title\": \"PythonPy Blog\", \"draft_title\": \"PythonPy Blog\", \"slug\": \"blog\", \"content_type\": 7, \"live\": true, \"has_unpublished_changes\": false, \"url_path\": \"/home/pythonpy-blog/\", \"owner\": 1, \"seo_title\": \"\", \"show_in_menus\": true, \"search_description\": \"\", \"go_live_at\": null, \"expire_at\": null, \"expired\": false, \"locked\": false, \"first_published_at\": \"2018-04-17T05:30:57.862Z\", \"last_published_at\": \"2018-04-17T05:35:13.879Z\", \"latest_revision_created_at\": \"2018-04-17T05:35:13.816Z\", \"live_revision\": 4, \"intro\": \"<p>Este es el blog</p>\"}", "approved_go_live_at": null}}, {"model": "wagtailcore.pagerevision", "pk": 14, "fields": {"page": 11, "submitted_for_moderation": false, "created_at": "2018-04-17T05:54:01.943Z", "user": 1, "content_json": "{\"pk\": 11, \"path\": \"0001000100040002\", \"depth\": 4, \"numchild\": 0, \"title\": \"Tutorial de Django\", \"draft_title\": \"Tutorial de Django\", \"slug\": \"tutorial-de-django\", \"content_type\": 8, \"live\": true, \"has_unpublished_changes\": false, \"url_path\": \"/home/tutoriales/tutorial-de-django/\", \"owner\": 1, \"seo_title\": \"\", \"show_in_menus\": false, \"search_description\": \"\", \"go_live_at\": null, \"expire_at\": null, \"expired\": false, \"locked\": false, \"first_published_at\": null, \"last_published_at\": null, \"latest_revision_created_at\": null, \"live_revision\": null, \"date\": \"2018-04-17\", \"excerpt\": \"\", \"body\": \"[{\\\"type\\\": \\\"paragraph\\\", \\\"value\\\": \\\"<p><b>Gu\\\\u00eda de instalaci\\\\u00f3n r\\\\u00e1pida</b></p><p>Antes de poder usar Django es necesario instalarlo. Existe una <a href=\\\\\\\"https://docs.djangoproject.com/en/1.8/topics/install\\\\\\\">gu\\\\u00eda de instalaci\\\\u00f3n completa</a> que cubre todas las posibilidades; esta gu\\\\u00eda es simple, cubre una instalaci\\\\u00f3n m\\\\u00ednima que servir\\\\u00e1 mientras se recorre la introducci\\\\u00f3n.</p><h2><b>Instalar Python</b></h2><p>Siendo un framework web escrito en Python, Django requiere Python. Funciona con Python 2.7, 3.2, 3.3, o 3.4. Estas versiones de Python incluyen una base de datos liviana llamada <a href=\\\\\\\"http://sqlite.org/\\\\\\\">SQLite</a>, as\\\\u00ed que no es necesario configurar un motor de base datos inmediatamente.</p><p>Para obtener la \\\\u00faltima versi\\\\u00f3n de Python, ir a <a href=\\\\\\\"https://www.python.org/download/\\\\\\\">https://www.python.org/download/</a> o instalar a trav\\\\u00e9s del administrador de paquetes de tu sistema operativo.</p><p><b>Django en Jython</b></p><p>Si us\\\\u00e1s <a href=\\\\\\\"http://www.jython.org/\\\\\\\">Jython</a> (implementaci\\\\u00f3n de Python para la plataforma Java), es necesario seguir algunas pasos adicionales. Ver detalles en <a href=\\\\\\\"https://docs.djangoproject.com/en/1.8/howto/jython\\\\\\\">/howto/jython</a>.</p><p>Pod\\\\u00e9s verificar que Python est\\\\u00e1 instalado corriendo python en tu shell; deber\\\\u00edas ver algo como:</p><p>Python 3.3.3 (default, Nov 26 2013, 13:33:18)<br/>[GCC 4.8.2] on linux<br/>Type &quot;help&quot;, &quot;copyright&quot;, &quot;credits&quot; or &quot;license&quot; for more information.<br/>&gt;&gt;&gt;<br/></p><h2><b>Configurar una base de datos</b></h2><p>Este paso s\\\\u00f3lo es necesario si quisieras trabajar con un motor de base de datos m\\\\u00e1s \\\\u201cgrande\\\\u201d como PostgreSQL, MySQL u Oracle. Para ello consult\\\\u00e1 la <a href=\\\\\\\"https://docs.djangoproject.com/en/1.8/topics/install/#database-installation\\\\\\\">informaci\\\\u00f3n sobre la instalaci\\\\u00f3n de base de datos</a>.</p><h2><b>Borrar versiones anteriores de Django</b></h2><p>Si est\\\\u00e1s actualizando una versi\\\\u00f3n previa de Django es necesario <a href=\\\\\\\"https://docs.djangoproject.com/en/1.8/topics/install/#removing-old-versions-of-django\\\\\\\">desinstalar la versi\\\\u00f3n anterior antes de instalar una nueva</a>.</p><h2><b>Instalar Django</b></h2><p>Existen tres opciones f\\\\u00e1ciles de instalar Django:</p><ul><li>Instalar una versi\\\\u00f3n de Django <a href=\\\\\\\"https://docs.djangoproject.com/en/1.8/misc/distributions\\\\\\\">provista por tu sistema operativo</a>. Esta es la opci\\\\u00f3n m\\\\u00e1s r\\\\u00e1pida para aquellos que tienen un sistema operativo que distribuye Django.</li><li><a href=\\\\\\\"https://docs.djangoproject.com/en/1.8/topics/install/#installing-official-release\\\\\\\">Instalar un release oficial</a>. Esta es la mejor alternativa para los usuarios qie quieren un n\\\\u00famero de versi\\\\u00f3n estable y que no les preocupa no correr la versi\\\\u00f3n m\\\\u00e1s reciente de Django.</li><li><a href=\\\\\\\"https://docs.djangoproject.com/en/1.8/topics/install/#installing-development-version\\\\\\\">Instalar la \\\\u00faltima versi\\\\u00f3n de desarrollo</a>. Esta es la mejor opci\\\\u00f3n para los usuarios que quieren las caracter\\\\u00edsticas m\\\\u00e1s recientes y que no tienen miedo de correr c\\\\u00f3digo nuevo.</li></ul><p><b>Siempre recurrir a la versi\\\\u00f3n de la documentaci\\\\u00f3n que corresponde a la versi\\\\u00f3n de Django que est\\\\u00e1s usando!</b></p><p>Si segu\\\\u00eds cualquiera de los dos primeros pasos, hay que estar atentos a las partes de la documentaci\\\\u00f3n marcadas como <b>new in development version</b> (nuevo en la versi\\\\u00f3n de desarrollo). Esta frase indica caracter\\\\u00edsticas que est\\\\u00e1n solamente disponibles en la versi\\\\u00f3n de desarrollo de Django, y que muy posibiblemente no funcionen en un release oficial.</p><h2><b>Verificando</b></h2><p>Para verificar que Django es accesible desde Python, tipe\\\\u00e1 python en tu shell. Una vez en el prompt de Python, intent\\\\u00e1 importar Django:</p><p>&gt;&gt;&gt; import django<br/>&gt;&gt;&gt; print(django.get_version())<br/>1.8<br/></p><p>You may have another version of Django installed.</p>\\\", \\\"id\\\": \\\"ce7a153b-6a52-4813-bd04-17a4101cbf7f\\\"}]\", \"tagged_items\": [{\"pk\": 5, \"tag\": 1, \"content_object\": 11}, {\"pk\": 6, \"tag\": 2, \"content_object\": 11}, {\"pk\": 7, \"tag\": 4, \"content_object\": 11}], \"gallery_images\": []}", "approved_go_live_at": null}}, {"model": "wagtailcore.pagerevision", "pk": 15, "fields": {"page": 3, "submitted_for_moderation": false, "created_at": "2018-04-17T05:55:21.004Z", "user": 1, "content_json": "{\"pk\": 3, \"path\": \"00010001\", \"depth\": 2, \"numchild\": 4, \"title\": \"Inicio\", \"draft_title\": \"Home\", \"slug\": \"home\", \"content_type\": 3, \"live\": true, \"has_unpublished_changes\": false, \"url_path\": \"/home/\", \"owner\": null, \"seo_title\": \"\", \"show_in_menus\": true, \"search_description\": \"\", \"go_live_at\": null, \"expire_at\": null, \"expired\": false, \"locked\": false, \"first_published_at\": null, \"last_published_at\": null, \"latest_revision_created_at\": null, \"live_revision\": null, \"body\": \"<p></p>\"}", "approved_go_live_at": null}}, {"model": "wagtailcore.pagerevision", "pk": 16, "fields": {"page": 3, "submitted_for_moderation": false, "created_at": "2018-04-17T05:55:54.589Z", "user": 1, "content_json": "{\"pk\": 3, \"path\": \"00010001\", \"depth\": 2, \"numchild\": 4, \"title\": \"Inicio\", \"draft_title\": \"Inicio\", \"slug\": \"home\", \"content_type\": 3, \"live\": true, \"has_unpublished_changes\": false, \"url_path\": \"/home/\", \"owner\": null, \"seo_title\": \"\", \"show_in_menus\": false, \"search_description\": \"\", \"go_live_at\": null, \"expire_at\": null, \"expired\": false, \"locked\": false, \"first_published_at\": \"2018-04-17T05:55:21.059Z\", \"last_published_at\": \"2018-04-17T05:55:21.059Z\", \"latest_revision_created_at\": \"2018-04-17T05:55:21.004Z\", \"live_revision\": 15, \"body\": \"<p></p>\"}", "approved_go_live_at": null}}, {"model": "wagtailcore.pagerevision", "pk": 17, "fields": {"page": 3, "submitted_for_moderation": false, "created_at": "2018-04-17T05:56:24.628Z", "user": 1, "content_json": "{\"pk\": 3, \"path\": \"00010001\", \"depth\": 2, \"numchild\": 4, \"title\": \"Inicio\", \"draft_title\": \"Inicio\", \"slug\": \"home\", \"content_type\": 3, \"live\": true, \"has_unpublished_changes\": false, \"url_path\": \"/home/\", \"owner\": null, \"seo_title\": \"\", \"show_in_menus\": false, \"search_description\": \"\", \"go_live_at\": null, \"expire_at\": null, \"expired\": false, \"locked\": false, \"first_published_at\": \"2018-04-17T05:55:21.059Z\", \"last_published_at\": \"2018-04-17T05:55:54.622Z\", \"latest_revision_created_at\": \"2018-04-17T05:55:54.589Z\", \"live_revision\": 16, \"body\": \"<p>PythonPy website</p>\"}", "approved_go_live_at": null}}, {"model": "wagtailcore.pagerevision", "pk": 18, "fields": {"page": 4, "submitted_for_moderation": false, "created_at": "2019-09-23T21:22:14.856Z", "user": 1, "content_json": "{\"pk\": 4, \"path\": \"000100010001\", \"depth\": 3, \"numchild\": 2, \"title\": \"Blog\", \"draft_title\": \"PythonPy Blog\", \"slug\": \"blog\", \"content_type\": 7, \"live\": true, \"has_unpublished_changes\": false, \"url_path\": \"/home/blog/\", \"owner\": 1, \"seo_title\": \"Python Paraguay Blog\", \"show_in_menus\": true, \"search_description\": \"\", \"go_live_at\": null, \"expire_at\": null, \"expired\": false, \"locked\": false, \"first_published_at\": \"2018-04-17T05:30:57.862Z\", \"last_published_at\": \"2018-04-17T05:50:51.518Z\", \"latest_revision_created_at\": \"2018-04-17T05:50:51.457Z\", \"live_revision\": 13, \"intro\": \"<p>Este es el blog</p>\"}", "approved_go_live_at": null}}, {"model": "wagtailcore.pagerevision", "pk": 19, "fields": {"page": 12, "submitted_for_moderation": false, "created_at": "2019-09-23T23:00:58.155Z", "user": 1, "content_json": "{\"pk\": 12, \"path\": \"0001000100040003\", \"depth\": 4, \"numchild\": 0, \"title\": \"Instalar Python en Windows\", \"draft_title\": \"Instalar Python en Windows\", \"slug\": \"instalar-python-en-windows\", \"content_type\": 8, \"live\": true, \"has_unpublished_changes\": false, \"url_path\": \"/home/tutoriales/instalar-python-en-windows/\", \"owner\": 1, \"seo_title\": \"\", \"show_in_menus\": false, \"search_description\": \"\", \"go_live_at\": null, \"expire_at\": null, \"expired\": false, \"locked\": false, \"first_published_at\": null, \"last_published_at\": null, \"latest_revision_created_at\": null, \"live_revision\": null, \"date\": \"2019-09-23\", \"excerpt\": \"\", \"body\": \"[{\\\"type\\\": \\\"paragraph\\\", \\\"value\\\": \\\"<p> </p><p>Primero comprueba si tu ordenador ejecuta la versi\\\\u00f3n 32 bits de  Windows o la de 64, en &quot;Tipo de sistema&quot; en la p\\\\u00e1gina de &quot;Acerca de&quot;.  Para llegar a esta p\\\\u00e1gina, intenta uno de estos m\\\\u00e9todos:</p><ul><li>Presiona la tecla de Windows y la tecla Pause/Break al mismo tiempo</li><li>Abre el Panel de Control desde el men\\\\u00fa de Windows, despu\\\\u00e9s accede a Sistema &amp; y Seguridad, luego a Sistema</li><li>Presiona el bot\\\\u00f3n de Windows, luego accede a Configuraci\\\\u00f3n &gt; Sistema &gt; Acerca de</li></ul><p>Puedes descargar Python para Windows desde la siguiente web <a href=\\\\\\\"https://www.python.org/downloads/windows/\\\\\\\">https://www.python.org/downloads/windows/</a>. Clica en el enlace &quot;Latest Python 3 Release -Python x.x.x&quot;. Si tu ordenador ejecuta la versi\\\\u00f3n de <b>64 bits</b> de Windows, descarga <b>Windows x86-64 executable installer</b>. De lo contrario, descarga <b>Windows x86 executable installer</b>. Despu\\\\u00e9s de descargar el instalador, deber\\\\u00edas ejecutarlo (d\\\\u00e1ndole doble click) y seguir las instrucciones.</p><p>Una cosa para tener en cuenta: Durante la instalaci\\\\u00f3n, ver\\\\u00e1s una  ventana de &quot;Setup&quot;. Aseg\\\\u00farate de marcar las casillas &quot;Add Python 3.6 to  PATH&quot; o &quot;Add Python to your environment variables&quot; y hacer click en  &quot;Install Now&quot;, como se muestra aqu\\\\u00ed (puede que se vea un poco diferente  si est\\\\u00e1s instalando una versi\\\\u00f3n diferente):</p><p></p><embed alt=\\\\\\\"python-installation-options.png\\\\\\\" embedtype=\\\\\\\"image\\\\\\\" format=\\\\\\\"fullwidth\\\\\\\" id=\\\\\\\"1\\\\\\\"/><p></p><p>Cuando la instalaci\\\\u00f3n de complete, ver\\\\u00e1s un cuadro de di\\\\u00e1logo con un  enlace que puedes seguir para saber m\\\\u00e1s sobre Python o sobre la versi\\\\u00f3n  que has instalado. Cierra o cancela ese dialogo -- \\\\u00a1Aprender\\\\u00e1s m\\\\u00e1s en  ese tutorial!</p><p>Nota: si est\\\\u00e1s usando una versi\\\\u00f3n anterior de Windows (7, Vista o  cualquier versi\\\\u00f3n anterior) y el instalador de la versi\\\\u00f3n 3.6.x de  Python falla con un error, intenta tambi\\\\u00e9n:</p><ol><li>instalar todas las actualizaciones de Windows e intenta instalar Python de nuevo; o</li><li>instalar una <a href=\\\\\\\"https://www.python.org/downloads/windows/\\\\\\\">versi\\\\u00f3n de Python anterior</a>, por ejemplo, <a href=\\\\\\\"https://www.python.org/downloads/release/python-346/\\\\\\\">3.4.6</a>.</li></ol><p>Si instalas una versi\\\\u00f3n anterior de Python, la pantalla de  instalaci\\\\u00f3n puede ser un poco diferente a la mostrada arriba. Aseg\\\\u00farate  de desplazarte hacia abajo para ver &quot;Add python.exe to Path&quot;, despu\\\\u00e9s  haz click en el bot\\\\u00f3n de la izquierda y selecciona &quot;Will be installed on  local hard drive&quot;:</p><p></p><embed alt=\\\\\\\"add_python_to_windows_path.png\\\\\\\" embedtype=\\\\\\\"image\\\\\\\" format=\\\\\\\"fullwidth\\\\\\\" id=\\\\\\\"2\\\\\\\"/><p></p>\\\", \\\"id\\\": \\\"d7cb0821-b3c0-48ad-b763-b463848be2a0\\\"}]\", \"tagged_items\": [], \"gallery_images\": []}", "approved_go_live_at": null}}, {"model": "wagtailcore.pagerevision", "pk": 20, "fields": {"page": 7, "submitted_for_moderation": false, "created_at": "2019-09-23T23:35:47.647Z", "user": 1, "content_json": "{\"pk\": 7, \"path\": \"000100010002\", \"depth\": 3, \"numchild\": 0, \"title\": \"FAQ\", \"draft_title\": \"FAQ\", \"slug\": \"faq\", \"content_type\": 6, \"live\": true, \"has_unpublished_changes\": false, \"url_path\": \"/home/faq/\", \"owner\": 1, \"seo_title\": \"\", \"show_in_menus\": true, \"search_description\": \"\", \"go_live_at\": null, \"expire_at\": null, \"expired\": false, \"locked\": false, \"first_published_at\": \"2018-04-17T05:39:01.035Z\", \"last_published_at\": \"2018-04-17T05:39:01.035Z\", \"latest_revision_created_at\": \"2018-04-17T05:39:00.997Z\", \"live_revision\": 7, \"body\": \"[{\\\"type\\\": \\\"paragraph\\\", \\\"value\\\": \\\"<h3>Sobre PythonPy (el grupo de Usuarios)</h3><p></p><h4>\\\\u00bfQui\\\\u00e9nes somos?</h4><p>Un grupo de entusiastas de Python,  que decidi\\\\u00f3 aunar esfuerzos para crear una comunidad local como marco  de referencia para la aplicaci\\\\u00f3n, difusi\\\\u00f3n y mejora de este lenguaje.</p><p></p><h4>\\\\u00bfQu\\\\u00e9 hacemos?</h4><p>Organizamos reuniones donde debatimos ideas, mantenemos una ListaDeCorreo  a trav\\\\u00e9s de la cual nos comunicamos, creamos y mantenemos este portal,  el cual pretendemos que tenga contenido \\\\u00fatil tanto para los miembros de PyAr  como para toda aquella persona que se interese por Python.</p><p></p><h4></h4>\\\", \\\"id\\\": \\\"8379b1b4-7f75-4586-a086-ee5e95eb2ecb\\\"}]\"}", "approved_go_live_at": null}}, {"model": "wagtailcore.pagerevision", "pk": 21, "fields": {"page": 6, "submitted_for_moderation": false, "created_at": "2019-09-23T23:36:14.506Z", "user": 1, "content_json": "{\"pk\": 6, \"path\": \"000100010003\", \"depth\": 3, \"numchild\": 0, \"title\": \"Acerca de\", \"draft_title\": \"Acerca de\", \"slug\": \"acerca-de\", \"content_type\": 6, \"live\": true, \"has_unpublished_changes\": false, \"url_path\": \"/home/acerca-de/\", \"owner\": 1, \"seo_title\": \"\", \"show_in_menus\": true, \"search_description\": \"\", \"go_live_at\": null, \"expire_at\": null, \"expired\": false, \"locked\": false, \"first_published_at\": \"2018-04-17T05:36:50.430Z\", \"last_published_at\": \"2018-04-17T05:36:50.430Z\", \"latest_revision_created_at\": \"2018-04-17T05:36:50.375Z\", \"live_revision\": 6, \"body\": \"[{\\\"type\\\": \\\"heading\\\", \\\"value\\\": \\\"Quienes somos?\\\", \\\"id\\\": \\\"f2de690c-5992-4593-8a03-85855e226abc\\\"}, {\\\"type\\\": \\\"paragraph\\\", \\\"value\\\": \\\"<p>Python Paraguay es un lugar donde podemos compartir todo lo relacionado a  este lenguaje de Programacion y estar al tanto de todo lo que acontece a  nivel nacional y todo el mundo, pero sobre todo, buscamos guiar en los  primeros pasos a aquellas personas que quisieran iniciarse en Python.<br/></p><p>La idea es nuclear a los programadores Python y entusiastas del lenguaje en todo Paraguay.<br/></p><p>Bienvenido a la comunidad!<br/></p><p>Tambi\\\\u00e9n pod\\\\u00e9s unirte al grupo de Telegram en <a href=\\\\\\\"http://bit.ly/TelegramPy\\\\\\\">http://bit.ly/TelegramPy</a> o suscribirte a la lista de correos en <a href=\\\\\\\"https://groups.google.com/group/python-paraguay\\\\\\\">https://groups.google.com/group/python-paraguay</a><br/></p><p>Social links<br/></p><p>Twitter: @PythonParaguay (<a href=\\\\\\\"https://twitter.com/PythonParaguay\\\\\\\">https://twitter.com/PythonParaguay</a>)<br/></p><p>Facebook: <a href=\\\\\\\"https://www.facebook.com/PythonParaguay/\\\\\\\">https://www.facebook.com/PythonParaguay/</a></p>\\\", \\\"id\\\": \\\"ea2964c3-cb57-413a-8fcf-8ca6f5a1520b\\\"}]\"}", "approved_go_live_at": null}}, {"model": "home.homepage", "pk": 3, "fields": {"body": "<p>PythonPy website</p>"}}, {"model": "home.defaultpage", "pk": 6, "fields": {"body": "[{\"type\": \"heading\", \"value\": \"Quienes somos?\", \"id\": \"f2de690c-5992-4593-8a03-85855e226abc\"}, {\"type\": \"paragraph\", \"value\": \"<p>Python Paraguay es un lugar donde podemos compartir todo lo relacionado a  este lenguaje de Programacion y estar al tanto de todo lo que acontece a  nivel nacional y todo el mundo, pero sobre todo, buscamos guiar en los  primeros pasos a aquellas personas que quisieran iniciarse en Python.<br/></p><p>La idea es nuclear a los programadores Python y entusiastas del lenguaje en todo Paraguay.<br/></p><p>Bienvenido a la comunidad!<br/></p><p>Tambi\\u00e9n pod\\u00e9s unirte al grupo de Telegram en <a href=\\\"http://bit.ly/TelegramPy\\\">http://bit.ly/TelegramPy</a> o suscribirte a la lista de correos en <a href=\\\"https://groups.google.com/group/python-paraguay\\\">https://groups.google.com/group/python-paraguay</a><br/></p><p>Social links<br/></p><p>Twitter: @PythonParaguay (<a href=\\\"https://twitter.com/PythonParaguay\\\">https://twitter.com/PythonParaguay</a>)<br/></p><p>Facebook: <a href=\\\"https://www.facebook.com/PythonParaguay/\\\">https://www.facebook.com/PythonParaguay/</a></p>\", \"id\": \"ea2964c3-cb57-413a-8fcf-8ca6f5a1520b\"}]"}}, {"model": "home.defaultpage", "pk": 7, "fields": {"body": "[{\"type\": \"paragraph\", \"value\": \"<h3>Sobre PythonPy (el grupo de Usuarios)</h3><p></p><h4>\\u00bfQui\\u00e9nes somos?</h4><p>Un grupo de entusiastas de Python,  que decidi\\u00f3 aunar esfuerzos para crear una comunidad local como marco  de referencia para la aplicaci\\u00f3n, difusi\\u00f3n y mejora de este lenguaje.</p><p></p><h4>\\u00bfQu\\u00e9 hacemos?</h4><p>Organizamos reuniones donde debatimos ideas, mantenemos una ListaDeCorreo  a trav\\u00e9s de la cual nos comunicamos, creamos y mantenemos este portal,  el cual pretendemos que tenga contenido \\u00fatil tanto para los miembros de PyAr  como para toda aquella persona que se interese por Python.</p><p></p><h4></h4>\", \"id\": \"8379b1b4-7f75-4586-a086-ee5e95eb2ecb\"}]"}}, {"model": "blog.blogindexpage", "pk": 4, "fields": {"intro": "<p>Este es el blog</p>"}}, {"model": "blog.blogindexpage", "pk": 8, "fields": {"intro": "<p></p>"}}, {"model": "blog.blogpagetag", "pk": 4, "fields": {"tag": 2, "content_object": 5}}, {"model": "blog.blogpagetag", "pk": 5, "fields": {"tag": 1, "content_object": 11}}, {"model": "blog.blogpagetag", "pk": 6, "fields": {"tag": 2, "content_object": 11}}, {"model": "blog.blogpagetag", "pk": 7, "fields": {"tag": 4, "content_object": 11}}, {"model": "blog.blogpage", "pk": 5, "fields": {"date": "2018-04-17", "excerpt": "resumen del post", "body": "[{\"type\": \"heading\", \"value\": \"Encabezado bla\", \"id\": \"717ac0cd-658b-4728-b589-725d80c1bcfd\"}, {\"type\": \"paragraph\", \"value\": \"<p>Este<b> es un</b> <i>parrafo</i></p>\", \"id\": \"b5d19b48-7453-45d2-a9e8-025a02fee6e2\"}, {\"type\": \"image\", \"value\": 1, \"id\": \"ad4d39aa-dd4b-4fb0-800d-3810b8bff193\"}, {\"type\": \"two_columns\", \"value\": {\"left_column\": [{\"type\": \"paragraph\", \"value\": \"<p>Columna 1</p><p>Do you see any Teletubbies in here? Do you see a slender plastic tag clipped to my shirt with my name printed on it? Do you see a little Asian child with a blank expression on his face sitting outside on a mechanical helicopter that shakes when you put quarters in it? No? Well, that&#x27;s what you see at a toy store. And you must think you&#x27;re in a toy store, because you&#x27;re here shopping for an infant named Jeb.</p>\", \"id\": \"5b8ddbd1-8966-4e4c-86d7-6ddcb8939008\"}], \"right_column\": [{\"type\": \"paragraph\", \"value\": \"<p>Columna2</p><p>Now that there is the Tec-9, a crappy spray gun from South Miami. This gun is advertised as the most popular gun in American crime. Do you believe that shit? It actually says that in the little book that comes with it: the most popular gun in American crime. Like they&#x27;re actually proud of that shit.</p><p></p>\", \"id\": \"91180dce-b8e9-4d34-9bb6-ff5d482fb859\"}]}, \"id\": \"7d370740-2aee-4044-a68d-09212f071107\"}, {\"type\": \"thumbnail\", \"value\": {\"image\": 2, \"url\": \"http://google.com\", \"media_type\": \"image\", \"text\": \"no se\"}, \"id\": \"c64141f0-5cee-424d-8060-d081eb644a57\"}]"}}, {"model": "blog.blogpage", "pk": 10, "fields": {"date": "2018-04-17", "excerpt": "", "body": "[{\"type\": \"paragraph\", \"value\": \"<p>El <a href=\\\"http://mundohispanico.com/noticias/el-uscis-busca-impedir-que-empleados-sean-piadosos-al-evaluar-solicitudes-migratorias\\\"><b>Departamento de Ciudadan\\u00eda e Inmigraci\\u00f3n de Estados Unidos</b></a> (USCIS, por sus siglas en ingl\\u00e9s) anunci\\u00f3 el lanzamiento de una nueva herramienta para verificar la elegibilidad laboral.</p><p>A trav\\u00e9s del nuevo sitio web <a href=\\\"https://www.e-verify.gov/\\\">E-Verify.gov</a>, empleadores, trabajadores y p\\u00fablico en general podr\\u00e1n obtener gratuitamente informaci\\u00f3n electr\\u00f3nica sobre la elegibilidad de empleo.</p><p><b>Just launched! Employers and employees, check out the new</b> <a href=\\\"https://t.co/K4TTzYDNPw\\\"><b>https://t.co/K4TTzYDNPw</b></a> <b>website for tools and services.</b> <a href=\\\"https://t.co/iq2ckY3Gh6\\\"><b>pic.twitter.com/iq2ckY3Gh6</b></a><br/><b>\\u2014 USCIS (@USCIS)</b> <a href=\\\"https://twitter.com/USCIS/status/983697618323861504?ref_src=twsrc%5Etfw\\\"><b>April 10, 2018</b></a></p><p>El portal proporciona informaci\\u00f3n sobre el Formulario I-9, Verificaci\\u00f3n de Elegibilidad de Empleo, que incluye los derechos de los <a href=\\\"http://mundohispanico.com/dinero/por-que-estan-exigiendo-trabajadores-mexicanos-en-el-campo-estadounidense-esta-es-la-razon-video\\\"><b>trabajadores</b></a> y las responsabilidades del empleador en el proceso de verificaci\\u00f3n de empleo.</p><p>E-Verify.gov permitir\\u00e1 a los empleadores inscribirse directamente en el sistema de verificaci\\u00f3n.</p><p>\\u201cDurante la \\u00faltima d\\u00e9cada, E-Verify ha sido la piedra angular de nuestro compromiso continuo para ayudar a los empleadores a mantener una fuerza de trabajo legal\\u201d, dijo el director de USCIS, <a href=\\\"https://mundohispanico.com/noticias/inmigracion/revelan-que-el-director-de-uscis-que-borro-nacion-de-inmigrantes-es-hijo-de-una-inmigrante\\\"><b>Lee Francis Cissna</b></a>.</p><p>\\u201cE-Verify.gov ahora permite a los usuarios comprender mejor y navegar a trav\\u00e9s del proceso de verificaci\\u00f3n de empleo\\u201d, agreg\\u00f3.</p><p>USCIS insta a verificar nuevas contrataciones</p><p>Los empleadores pueden acceder a E-Verify.gov en cualquier momento y en cualquier lugar directamente desde un navegador web.</p><p>Casi todos los empleados son confirmados como autorizados para trabajar al instante, o en un per\\u00edodo m\\u00e1ximo de 24 horas.</p><p>El sistema, que cuenta con casi 800,000 empleadores inscritos, compara la informaci\\u00f3n del Formulario I-9 de un trabajador con los registros disponibles en el Departamento de Seguridad Nacional (DHS) y la Administraci\\u00f3n del Seguro Social, para verificar la autorizaci\\u00f3n para trabajar en Estados Unidos.</p><p></p>\", \"id\": \"d3442924-54cf-4d41-9309-7f5fd4af6731\"}]"}}, {"model": "blog.blogpage", "pk": 11, "fields": {"date": "2018-04-17", "excerpt": "", "body": "[{\"type\": \"paragraph\", \"value\": \"<p><b>Gu\\u00eda de instalaci\\u00f3n r\\u00e1pida</b></p><p>Antes de poder usar Django es necesario instalarlo. Existe una <a href=\\\"https://docs.djangoproject.com/en/1.8/topics/install\\\">gu\\u00eda de instalaci\\u00f3n completa</a> que cubre todas las posibilidades; esta gu\\u00eda es simple, cubre una instalaci\\u00f3n m\\u00ednima que servir\\u00e1 mientras se recorre la introducci\\u00f3n.</p><h2><b>Instalar Python</b></h2><p>Siendo un framework web escrito en Python, Django requiere Python. Funciona con Python 2.7, 3.2, 3.3, o 3.4. Estas versiones de Python incluyen una base de datos liviana llamada <a href=\\\"http://sqlite.org/\\\">SQLite</a>, as\\u00ed que no es necesario configurar un motor de base datos inmediatamente.</p><p>Para obtener la \\u00faltima versi\\u00f3n de Python, ir a <a href=\\\"https://www.python.org/download/\\\">https://www.python.org/download/</a> o instalar a trav\\u00e9s del administrador de paquetes de tu sistema operativo.</p><p><b>Django en Jython</b></p><p>Si us\\u00e1s <a href=\\\"http://www.jython.org/\\\">Jython</a> (implementaci\\u00f3n de Python para la plataforma Java), es necesario seguir algunas pasos adicionales. Ver detalles en <a href=\\\"https://docs.djangoproject.com/en/1.8/howto/jython\\\">/howto/jython</a>.</p><p>Pod\\u00e9s verificar que Python est\\u00e1 instalado corriendo python en tu shell; deber\\u00edas ver algo como:</p><p>Python 3.3.3 (default, Nov 26 2013, 13:33:18)<br/>[GCC 4.8.2] on linux<br/>Type &quot;help&quot;, &quot;copyright&quot;, &quot;credits&quot; or &quot;license&quot; for more information.<br/>&gt;&gt;&gt;<br/></p><h2><b>Configurar una base de datos</b></h2><p>Este paso s\\u00f3lo es necesario si quisieras trabajar con un motor de base de datos m\\u00e1s \\u201cgrande\\u201d como PostgreSQL, MySQL u Oracle. Para ello consult\\u00e1 la <a href=\\\"https://docs.djangoproject.com/en/1.8/topics/install/#database-installation\\\">informaci\\u00f3n sobre la instalaci\\u00f3n de base de datos</a>.</p><h2><b>Borrar versiones anteriores de Django</b></h2><p>Si est\\u00e1s actualizando una versi\\u00f3n previa de Django es necesario <a href=\\\"https://docs.djangoproject.com/en/1.8/topics/install/#removing-old-versions-of-django\\\">desinstalar la versi\\u00f3n anterior antes de instalar una nueva</a>.</p><h2><b>Instalar Django</b></h2><p>Existen tres opciones f\\u00e1ciles de instalar Django:</p><ul><li>Instalar una versi\\u00f3n de Django <a href=\\\"https://docs.djangoproject.com/en/1.8/misc/distributions\\\">provista por tu sistema operativo</a>. Esta es la opci\\u00f3n m\\u00e1s r\\u00e1pida para aquellos que tienen un sistema operativo que distribuye Django.</li><li><a href=\\\"https://docs.djangoproject.com/en/1.8/topics/install/#installing-official-release\\\">Instalar un release oficial</a>. Esta es la mejor alternativa para los usuarios qie quieren un n\\u00famero de versi\\u00f3n estable y que no les preocupa no correr la versi\\u00f3n m\\u00e1s reciente de Django.</li><li><a href=\\\"https://docs.djangoproject.com/en/1.8/topics/install/#installing-development-version\\\">Instalar la \\u00faltima versi\\u00f3n de desarrollo</a>. Esta es la mejor opci\\u00f3n para los usuarios que quieren las caracter\\u00edsticas m\\u00e1s recientes y que no tienen miedo de correr c\\u00f3digo nuevo.</li></ul><p><b>Siempre recurrir a la versi\\u00f3n de la documentaci\\u00f3n que corresponde a la versi\\u00f3n de Django que est\\u00e1s usando!</b></p><p>Si segu\\u00eds cualquiera de los dos primeros pasos, hay que estar atentos a las partes de la documentaci\\u00f3n marcadas como <b>new in development version</b> (nuevo en la versi\\u00f3n de desarrollo). Esta frase indica caracter\\u00edsticas que est\\u00e1n solamente disponibles en la versi\\u00f3n de desarrollo de Django, y que muy posibiblemente no funcionen en un release oficial.</p><h2><b>Verificando</b></h2><p>Para verificar que Django es accesible desde Python, tipe\\u00e1 python en tu shell. Una vez en el prompt de Python, intent\\u00e1 importar Django:</p><p>&gt;&gt;&gt; import django<br/>&gt;&gt;&gt; print(django.get_version())<br/>1.8<br/></p><p>You may have another version of Django installed.</p>\", \"id\": \"ce7a153b-6a52-4813-bd04-17a4101cbf7f\"}]"}}, {"model": "blog.blogpage", "pk": 12, "fields": {"date": "2019-09-23", "excerpt": "", "body": "[{\"type\": \"paragraph\", \"value\": \"<p> </p><p>Primero comprueba si tu ordenador ejecuta la versi\\u00f3n 32 bits de  Windows o la de 64, en &quot;Tipo de sistema&quot; en la p\\u00e1gina de &quot;Acerca de&quot;.  Para llegar a esta p\\u00e1gina, intenta uno de estos m\\u00e9todos:</p><ul><li>Presiona la tecla de Windows y la tecla Pause/Break al mismo tiempo</li><li>Abre el Panel de Control desde el men\\u00fa de Windows, despu\\u00e9s accede a Sistema &amp; y Seguridad, luego a Sistema</li><li>Presiona el bot\\u00f3n de Windows, luego accede a Configuraci\\u00f3n &gt; Sistema &gt; Acerca de</li></ul><p>Puedes descargar Python para Windows desde la siguiente web <a href=\\\"https://www.python.org/downloads/windows/\\\">https://www.python.org/downloads/windows/</a>. Clica en el enlace &quot;Latest Python 3 Release -Python x.x.x&quot;. Si tu ordenador ejecuta la versi\\u00f3n de <b>64 bits</b> de Windows, descarga <b>Windows x86-64 executable installer</b>. De lo contrario, descarga <b>Windows x86 executable installer</b>. Despu\\u00e9s de descargar el instalador, deber\\u00edas ejecutarlo (d\\u00e1ndole doble click) y seguir las instrucciones.</p><p>Una cosa para tener en cuenta: Durante la instalaci\\u00f3n, ver\\u00e1s una  ventana de &quot;Setup&quot;. Aseg\\u00farate de marcar las casillas &quot;Add Python 3.6 to  PATH&quot; o &quot;Add Python to your environment variables&quot; y hacer click en  &quot;Install Now&quot;, como se muestra aqu\\u00ed (puede que se vea un poco diferente  si est\\u00e1s instalando una versi\\u00f3n diferente):</p><p></p><embed alt=\\\"python-installation-options.png\\\" embedtype=\\\"image\\\" format=\\\"fullwidth\\\" id=\\\"1\\\"/><p></p><p>Cuando la instalaci\\u00f3n de complete, ver\\u00e1s un cuadro de di\\u00e1logo con un  enlace que puedes seguir para saber m\\u00e1s sobre Python o sobre la versi\\u00f3n  que has instalado. Cierra o cancela ese dialogo -- \\u00a1Aprender\\u00e1s m\\u00e1s en  ese tutorial!</p><p>Nota: si est\\u00e1s usando una versi\\u00f3n anterior de Windows (7, Vista o  cualquier versi\\u00f3n anterior) y el instalador de la versi\\u00f3n 3.6.x de  Python falla con un error, intenta tambi\\u00e9n:</p><ol><li>instalar todas las actualizaciones de Windows e intenta instalar Python de nuevo; o</li><li>instalar una <a href=\\\"https://www.python.org/downloads/windows/\\\">versi\\u00f3n de Python anterior</a>, por ejemplo, <a href=\\\"https://www.python.org/downloads/release/python-346/\\\">3.4.6</a>.</li></ol><p>Si instalas una versi\\u00f3n anterior de Python, la pantalla de  instalaci\\u00f3n puede ser un poco diferente a la mostrada arriba. Aseg\\u00farate  de desplazarte hacia abajo para ver &quot;Add python.exe to Path&quot;, despu\\u00e9s  haz click en el bot\\u00f3n de la izquierda y selecciona &quot;Will be installed on  local hard drive&quot;:</p><p></p><embed alt=\\\"add_python_to_windows_path.png\\\" embedtype=\\\"image\\\" format=\\\"fullwidth\\\" id=\\\"2\\\"/><p></p>\", \"id\": \"d7cb0821-b3c0-48ad-b763-b463848be2a0\"}]"}}, {"model": "taggit.tag", "pk": 1, "fields": {"name": "tutorial", "slug": "tutorial"}}, {"model": "taggit.tag", "pk": 2, "fields": {"name": "python", "slug": "python"}}, {"model": "taggit.tag", "pk": 3, "fields": {"name": "flask", "slug": "flask"}}, {"model": "taggit.tag", "pk": 4, "fields": {"name": "django", "slug": "django"}}]